"siteName","PlotNo","litter","wiregrass","gallberry","bare.soil","bluestem.grass","dewberry","muscadine.grape","sweetleaf","sweetbay","grass","live.palmetto","Darrows.blueberry","greenbriar","oak.groundcover","live.shrub","live.forb","large.gallberry","sparkleberry","longleaf.pine","huckleberry","wax.myrtle","St..Andrews.cross","yucca","wicky","gopher.apple","highbush.blueberry","winged.sumac","American.holly","yellow.jessamine","yaupon","sweet.pepperbush","titi","southern.magnolia","sweetgum","red.maple","slash.pine","oak.tree","oak.shrub","groundseltree","St..Johnswort","poison.ivy","chokeberry","live.tree","narrowleaf.pawpaw","fringe.tree","smooth.fetterbush","rough.fetterbush","conradina","persimmons","red.basil","American.beautybush","pond.pine","garberia","flowering.dogwood","dead.forb","dead.shrub","dead.palmetto","dead.tree"
"E807D",1,119.5,11.5,7,0,1,0,0,0,0,0,0,0,0,16.5,0.5,0,0,0,4,0,0,0,0,0,1,0,0,0,12.7272727272727,2,0,0,4,0,0,0,0,0,0,0,0,0,0,0,0,0,0,0,0,0,0,0,0,0,0,0,0,0
"E807D",2,128,0,14,1,3,0,0,0,0,0,6.5,11,0.909090909090909,15,0,0,2.5,0,0,3.5,0,0,0,1,0,0,0,0,0,0,0,0,0,0,0,0,0,0,0,0,0,0,0,0,0,0,0,0,0,0,0,0,0,0,0,0,0.5,0
"E807D",3,128.5,1,39.5,0.5,2,0,0,0,0,0,18.5,2,0,0,0,0,0,0,0,0.5,0,0,0,0,0,0,0,0,0.909090909090909,0,0,0,0.5,0,0,0,0,0,0,0,0,0,0,0,0,0,0,0,0,0,0,0,0,0,0,0,1,0
"E807D",4,129.5,0,2.5,2.5,0,0,0,0,0,0,24,2.5,0,9,0,0,0,0,0,0.5,0,0,0,5.5,0,0,0,0,0,0,0,0,0,0,0,0,0,26.5,0,0,0,0,0,0,0,0,0,0,0,0,0,0,0,0,0,1,13,0
"E807D",5,131,0,2.5,1,0,0,0,0,0,0,32.5,0,0,20,0,0.5,0,1,0,0,0,0,0,0,0,0,0,0,0.909090909090909,0,0,0,0,0,0,0,4,8,0,0,0,0,0,0,0,0,0,0,0,0,0,0,0,0,0,0,7.5,0
"E807D",6,119.5,10,5.5,1.5,1,0,0,0,0,0,4.5,1,0,30,0,2,0,1.5,0,0,0,0,0,0,6,0,0,0,0.909090909090909,0,0,0,0,0,0,0,0,9.5,0,0,0,0,0,0,0,0,0,0,0,0,0,0,0,0,0.5,0,2.5,0
"E807D",7,121.5,8.5,29,0.5,0,0,0,0,0,1.5,0,0,0,8.5,0,0,0,0.5,0,0,0,0,0,0,14,0,0,0,4.54545454545454,1,0,0,0,0,0,0,0,5,0,0,0,0,0,0,0.5,0,0,0,0,0,0,0,0,0,0,0,0,0
"E807D",8,111.5,12,19.5,1.5,2.5,0,0,0,0,4.5,0,0,0.909090909090909,0.5,0,0,0,0,0.5,0,0,0,0,0,0.5,0,0,0,2.72727272727273,0,0,0,0,0,0,0,0,0,0,0,0,0,0,0,0,0,0,0,0,0,0,0,0,0,0,0,0,0
"E807D",9,114,14,18,2,0,0,0,0,0,2,0,0,0,30,0,0,0,0.5,0,0,0,0,0,0,0.5,0,0,0,0.909090909090909,0,0,0,0,0,0,0,0,0,0,0,0,0,0,0,0,0,0,0,0,0,0,0,0,0,0,0,0,0
"E807D",10,131.5,0.5,18.5,0,0,0,0,0,0,0,57.5,6,0,1,0,0,0,0,0,0,0,0,0,0,0,0,0,0,0,0,0,0,0,0,0,0,0.5,1.5,0,0,0,0,0,0,0,0,0,0,0,0,0,0,0,0,0,0,9.5,0
"E807D",11,118.5,0,59,0.5,0,0,0,0,0,13,4,0,0.909090909090909,4.5,0,0,0,1,0,0.5,0,0,0,0,0,0,0,0,0,0,0,3,0,0,0,0,0,1.5,0,0,0,0,0,0,0,0.5,0,0,0,0,0,0,0,0,0,0,1,0
"E807D",12,129.5,0,21,0.5,0,0,0,0,0.5,2,5,8.5,0,28,0,0,20.5,0,0,0,0,0,0,0,0,0,0,0,0,0,0,0,0,0,0,0,0.5,8.5,0,0,0,0,0,0,0,0,0,0,0,0,0,0,0,0,0,0,2,0
"E807D",13,123,4,8,5,0,0,0,1,0,0,0,5,0,2.5,0,0,7,0.5,0,0.5,0,0,0,1.5,0,0,0,0,17.2727272727273,1.5,0,0,0,0,0,0,0,2,0,0,0,0,0,0,0,0,0,0,0,0,0,0,0,0,0,0,0,0
"E807D",14,128.5,3.5,36,0,0,0,0,0,0,0,0,1.5,0.909090909090909,15,0,0,0,2,0,0.5,0,0,0,0,0,0,0,0,0,0,0,0,0,0,0,0,0,1.5,0,0,0,0,0,0,0,0,0,0,0,0,0,0,0,0,0,0,0,0
"E807D",15,111,16.5,20,3.5,0.5,0,0,0,0,0.5,0,0,0.909090909090909,2.5,0,1.5,0,0,0,0,0,3,0,0,0,0,0,0,1.81818181818182,0,0,0,0,0,0,0,5,1.5,0,0,0,0,0,0,0,0,0,0,0,0,0,0,0,0,0,1.5,0,0
"E807D",16,121,4,22.5,2.5,4,0,0,0,0,0.5,0,0,0.909090909090909,0.5,0,0.5,0,0,0,0,0,3,0,0,0,0,0,0,0,0,0,0,0,0,0,0,0,0.5,0,0,0,0,0,0,0,0,0,0,0,0,0,0,8,0,0,3,0,0
"E807D",17,109.5,19,12.5,0.5,2.5,0,0,0,0,0.5,3,0,0.909090909090909,0.5,0,1,0,0,0.5,0.5,0,0,0,0,0,0,0,0,0,0,0,0,0,0,0,0,2.5,0,0,0,0,0,0,0,0,0,0,0,0,0,0,0,0,0,1.5,0,4,0
"E807D",18,112.5,12.5,21,0.5,3,0,0,0,0,3.5,0,0,0.909090909090909,1,0,0,0,0,0.5,0,0,0,0,0,0,0,0,0,5.45454545454545,0,0,0,4.5,0,0,0,2,0,0,0,0,0,0,0,0,0,0,0,0,0,0,0,0,0,0.5,0,0,0
"E807D",19,113,8.5,42.5,2,5,0,0,0,0,3.5,0,0,0,0,0,0,0,0,0.5,0,0,0,0,0,0,0.5,0,0,14.5454545454545,0,0,10.5,0,0,0,0,3.5,0,0,0,0,0,0,0,0,0,0,0,0,0,0,0,0,0,0.5,1,0,0
"E807D",20,127,1,92.5,1,3,0,0,0,0,0,0,2,0,3,0,0,0,0,0,0,0,0,0,0,0,3,0,0,0,0,0,0.5,0,0,0,0,2.5,0.5,0,0,0,0,0,0,0,0,0,0,0,0,0,0,0,0,0.5,0,0,0
"E100B-E",141,99.5,8.5,14.5,0,21,2,0,0,0,3,0,0,1.09868421052632,4,0,7.5,2,3,0,0,0,0,0,0,0,0,0,0,0,0,0,0,0,0,0,0,2,0,0,0,0,0,0,0,0,0,0,0,0,0,0,0,0,0,0,0,0,0
"E100B-E",142,73.5,39.5,46.5,0,16.5,0,0,0,0,2.5,1,0,4.39473684210526,1.5,0,0.5,0,0,0,0.5,0,0,0,0,0,0,0,0,5.49342105263158,0,0,0,0,0,0,0,3,0,0,0,0,0,0,0,0,0,0,0,0,0,0,0,0,0,0.5,0,0.5,0
"E100B-E",143,102.5,3.5,13.5,12,9,0,0,0,5,5,4,0,1.09868421052632,0,9,1,23,0,0,0,0,0,0,0,0,0.5,0,0,1.09868421052632,0,0,0,0,0,0,0,6,0,0,0,0,0,0,0,0,0,0,0,0,0,0,0,0,0,0,0,2.5,0
"E100B-E",144,116.5,11,28.5,1.5,1.5,0,0,4.5,0,1.5,0,0,4.39473684210526,4,0.5,2,0,3,0,0,0,0,0,0,0,4,0,0.5,9.88815789473684,0,0,0,0,0,0,0,6.5,0,0,0,0,0,0,0,0,0,0,0,0,0,0,0,0,0,0,0,0.5,0
"E100B-E",145,125,0,17,0,3.5,2,0,12.5,1,3.5,4,0.5,2.19736842105263,1.5,5,5,0,3,0,0,0,0,0,0,0,0,0,0,4.39473684210526,0,0,0,0,0,0,0,1,2,0,0,0,0,0,0,0,0,0,0,0,0,0,0,0,0,0,0,2,0
"E100B-E",146,125.5,1,15.5,3.5,2,0.5,7.69078947368421,0,1,0,6,0,2.19736842105263,2,0,2,0,1.5,0,0,0,0,0,0,0,0,0,0,1.09868421052632,0,0,0,0,0,0,0,0.5,3.5,0,0,0,0,0,0,0,0,0,0,0,0,0,0,0,0,4.5,0.5,1,0
"E100B-E",147,124.5,2,16.5,1.5,2.5,0,4.39473684210526,3.5,3.5,1.5,1.5,0,0,2,0,0,0,0,0.5,1.5,0,0,0,0,0,0.5,0,0,0,0.5,0,0,0,0,0,0,2,6.5,0,0,0,0,0,0,0,0,0,0,0,0,0,0,0,0,8.5,0,1,0
"E100B-E",148,104.5,10.5,22,0.5,16.5,0,0,0.5,0,0,0,0,0,0,0,0,0,1,0,0,0,0,0,0,0,1.5,0,0,3.29605263157895,0,0,0,0.5,0,0,0,2,0.5,0,0,0,0,0,0,0,0,0,0,0,0,0,0,0,0,3,0,0.5,0
"E100B-E",149,116.5,4,26.5,2.5,9,0,0,0,1,0,8.5,0,4.39473684210526,0,0,0,0,0,0,0.5,0,0,0,0,0,2,0,0,0,5,0,0,0,0,0,0,3,2,0,0,0,0,0,0,0,0,0,0,0,0,0,0,0,0,5,0,6,0
"E100B-E",150,121,0.5,29,1.5,8,0,0,1,1,1,1,0,1.09868421052632,0,6,0,0,4.5,0,0.5,0,1,0,0,0,3,2.5,0,0,2,0,0,0,0,0,0,0.5,22,0.5,1,0,0,0,0,0,0,0,0,0,0,0,0,0,0,6.5,0,0,0
"E100B-E",151,129.5,1,7,0.5,0.5,0,0,0,0.5,0.5,0.5,0,5.49342105263158,24,0,0,0,6.5,0,0,0,0,0,0,0,0,0,0,0,1.5,0,0,0,0,0,0,9,7,0,0,0,0,0,0,0,0,0,0,0,0,0,0,0,0,5,0,1.5,0
"E100B-E",152,130.5,1,7,0,0.5,0,0,0,0,0,5.5,0,1.09868421052632,11,0,1,4,3,0,3,0,0,0,0,0,0,0,0,1.09868421052632,4.5,0,0,0,0,0,0,0,12.5,0,0,0,0,0,0,0,0,0,0,0,0,0,0,0,0,3,0.5,3.5,0
"E100B-E",153,110.5,0.5,7,6,15,1,0,1.5,0,0,2,0,0,1,0,0,14,0,1,0,0,0,0,0,0,0,0,0.5,0,0,0,0,1,1.5,0,0,0.5,0,0,0,0,0,0,0,0,0,0,0,0,0,0,0,0,0,10.5,0,2,0
"E100B-E",154,128.5,2.5,3.5,0,0.5,0,0,2,2.5,0.5,3,0,0,0.5,0,1.5,9.5,0,0,2,0,0,0,0,0,7,0,0,0,0,0,0,0,0,0,0,6,1.5,0,0,0,0,0,0,0,0,0,0,0,0,0,0,0,0,5.5,0,4.5,0
"E100B-E",155,110.5,9.5,14,5.5,2,0,2.19736842105263,4,0,4.5,4.5,0,1.09868421052632,0,0,0,7,0,0,0,0,0,0,0,0,2.5,0,0,1.09868421052632,0,0,0,0,0,0,0,4,0,0,0,0,0,0,0,0,0,0,0,0,0,0,0,0,0,3,0,2.5,0
"E100B-E",156,128,0,6,3,0,0,0,10,1.5,1,0.5,0,0,0,0,0,37,0,0,0,0,0,0,0,0,2,0,0,1.09868421052632,0,0,0,0,0,0,0,0,0,0,0,0,0,0,0,0,0,0,0,0,0,0,0,0,0,2.5,0,0,0
"E100B-E",157,124.5,1,5,6.5,0,0,0,2,2,0,4.5,0,4.39473684210526,0,0.5,0,34,0,0,0,0,0,0,0,0,0.5,0,0.5,0,0,0,0,0,0,0,0,0,0,0,0,0,0,0,0,0,0,0,0,0,0,0,0,0,0,4,0,2,0
"E100B-E",158,127.5,1.5,14.5,1.5,1.5,0,0,8,3,0,0.5,0,2.19736842105263,10.5,0,0,4.5,0.5,1,0,0,0,0,0,0,3,0,1.5,0,0,0,0,0,0,0,0,4,5.5,0,0,0,0,0,0,0,0,0,0,0,0,0,0,0,0,6,0,6,0
"E100B-E",159,125.5,3,5,1.5,2,0,0,2,0,0,11,0,2.19736842105263,2.5,0,0,0,1,0,0.5,0,0,0,0,0,1,1,0,0,0,0,0,0,0,0,0,2,29.5,0,1,0,0,0,0,0,0,0,0,0,0,0,0,0,0,6,0,5,0
"E100B-E",160,129,1.5,11.5,1,0.5,0,0,2.5,0,0,4.5,0,3.29605263157895,14,0,0,1,0,0,2,0,0,0,0,0,0,0,0,0,3,0,0,0,0,0,0,7,8,0,0,0,0,0,0,0,0,0,0,0,0,0,0,0,0,5,0.5,3,0
"E807B",501,120.5,1,52,0,10.5,0,0,0,2,0,12.5,3,1.25,0,0,0,0,8,0,0,0,0,0,0,0,1.5,0.5,2,0,0,0,0,0,0,0,0,0,0,0,0,0,0,0,0,0,0,0,0,0,0,0,0,0,0,0,0,4,0
"E807B",502,110.5,0,21,0,21,0,0,0,8.5,0.5,0,2,0,0,0,0,0,22.5,0,0,0,0,0,0,0,0,0,0,0,0,0,0,0,0,0,0,0,0,0,0,0,0,0,0,0,0,0,0,0,0,0,0,0,0,0,0,0,0
"E807B",503,98.5,3.5,35.5,0,18,0,0,0,7,12,0,1,7.5,0,2,0,0,9.5,0,0,0,0,0,0,0,0,0,0,0,0,0,0,0,0,0,0,0,0,0,0,0,0,0,0,0,0,0,0,0,0,0,0,0,0,0,0,0,0
"E807B",504,97.5,10,37.5,4,10.5,0,0,0,1,10,0,0,2.5,0,6,0.5,0,0,0,0,0,0,0,0,0,0,0,0,0,2,0,0,0,0,0,0,0,0,0,0,0,0,0,0,0,0,0,0,0,0,0,0,0,0,0,0,0,0
"E807B",505,127,0,10,0,5,0,0,0,0,0,13,18,0,9,3,0,0,3.5,0,0,0,0,0,0,0,0,0,0,0,0,0,0,0,0,0,0,15,10,0,0,0,0,0,0,0,0,0,0,0,0,0,0,0,0,0,0,10,0
"E807B",506,129,1,6.5,1,0,0,0,0,0,1,24.5,12,2.5,29.5,0,1,0,3,0,0,0,0,0,0,0,0,0,0,0,0,0,0,0,0,0,0,1,13,0,0,0,0,0,0,0,0,0,0,0,0,0,0,0,0,0,0,8.5,0
"E807B",507,132,0,1,0,0,0,0,0,0,0,22,0,1.25,13,0,0,0,0.5,0,0,0,0,0,0,0,0,0,0,0,0,0,0,0,0,0,0,0,26.5,0,0,0,0,0,0,0,0,0,0,0,0,0,0,0,0,0,0,6,0
"E807B",508,113,8,1.5,11,0,0,0,0,0,0,6.5,0,5,22,6.5,6,0,1,0,0,0,0,0,0,0,0,0,0,2.5,0,0,0,0,0,0,0,0.5,11,0,0,0,0,0,0,0,0,0.5,0,0,0,0,0,0,0,0,0,2.5,0
"E807B",509,129.5,0,7.5,2.5,0,0,0,0,0,0,15,0,1.25,4,2.5,1,0,5,0,0,0,0,0,0,0,0,0,0,0,0,0,0,0,0,0,0,0,9,0,0,0,0,0,0,0,0,24.5,0,0,0,0,0,0,0,0,0,7,0
"E807B",510,115,8,7.5,9,0,0,0,0,0,0,18,12,0,20.5,1,0,0,0.5,0,0,0,0,0,0,0,0,0,0,0,1,0,0,0,0,0,0,0,15.5,0,0,0,0,0,0,0,0,8.5,0,0,0,0,0,0,0,0,0,12,0
"E807B",511,119,0,16.5,1,0,0,0,0,4,12,14.5,8.5,3.75,31,0.5,1,1.5,2.5,0,0,1,0,0,0,0,0,0,0,1.25,0,0,0,0,0,0,0,0,2,0,0,0,0,0,0,0,0,15,0,0,0,0,0,0,0,0,0,12,0
"E807B",512,114,1.5,35,2.5,9,0,0,0,9,5,0,0,7.5,0,0,0,0,13,0,0,0,0,0,0,0,0,1,0,0,0,0,0,0,0,0,0,0,0,0,0,0,0,0,0,0,0,0,0,0,0,0,0,0,0,0,0,0,0
"E807B",513,113,5,20,0,8,0,0,0,16,6,0,0,3.75,0,0,2.5,3,4,0,0,0,0,0,0,0,0,0,0,0,0.5,0,0,0,0,0,0,3.5,0,0,0,0,0,0,0,0,0,0,0,0,0,0,0,0,0,0,0,0,0
"E807B",514,120,0,21.5,0,0,0,0,0,1,12,3,10.5,1.25,2.5,0,0,0,5.5,0,0,0,0,0,0,0,2,0,0,0,1,0,0,0,0,0,0,0.5,1,0,0,0,0,0,0,0,0,0,0,0,0,0,0,0,0,0,0,2.5,0
"E807B",515,127.5,0,8,2,0,0,0,0,0,2.5,29.5,8.5,6.25,27,3.5,1.5,0,4.5,0,0,0,0,0,0,0,0,0,0,0,0,0,0,0,0,0,0,0,2.5,0,0,0,0,0,0,0,0,4,0,0,0,0,0,0,0,0,0,11.5,0
"E807B",516,98,2.5,40.5,0,1.5,0,0,0,0,30,0,4,0,0,0,0,0,6,0,0,0,0,0,0,0,0,0,0,0,0,0,0.5,0,0,0,0,1,0,0,0,0,0,0,0,0,0,0,0,0,0,0,0,0,0,0,0,0,0
"E807B",517,104,0,31.5,0,2,0,0,0,6,26,6.5,0,3.75,0,0,0,0,3,0,0,0,0,0,0,0,1,0,0,0,5,0,0,0,0,0,0,0,0,0,0,0,0,0,0,0,0,0,0,0,0,0,0,0,0,0,0,1.5,0
"E807B",518,107.5,0.5,24,0,1.5,0,0,0,0,22.5,0.5,0,1.25,0,0,2.5,2,3,0,0,0,0,0,0,0,0,0,0,0,0,0,0,0,0,0,0,0,0,0,0,0,0,0,0,0,0,11,0,0,0,0,0,0,0,0,0,0,0
"E807B",519,115.5,9,14.5,0,0.5,0,0,0,0,7,12,4,0,1.5,0,1,0,1.5,0,0,0,0.5,0,0,0,0,0,0,5,0.5,0,0,0,0,0,0,3,0,0,0,0,0,0,0,0,0,10,0,0,0,0,0,0,0,0,0,6.5,0
"E807B",520,132,0,9,0,0,0,0,0,0,0,6.5,5.5,1.25,10,0.5,0.5,0,11.5,0,0,0,0,0,0,0,0,0,0,11.25,0,0,0,0,0,0,0,1.5,2.5,0,0,0,0,0,0,2,0,23.5,0,0,0,0,0,0,0,0,0,3,0
"E505",681,116,11,36.5,2,0,0,0,0,1,3,15,1.5,3.66666666666667,0,1.5,0,1,0,0,9,0,0,0,0,0,3,0,0,0,0,0,0,0,0,0,0,0,0,0,0,0.5,0,0,0,0,0,0,0,0,0,0,0,0,0,4,0,3.5,0
"E505",682,103,25.5,28.5,0,0.5,0,0,0,0,3,0,6.5,0,0,0.5,0.5,3,0,0,1,0,0,0,0,0,0.5,0,0,0,0,0.5,0,0,0,0,0,0,0,0,0,0,0,0,0,0,0,0,0,0,0,0,0,0,0,0,0,0,0
"E505",683,103,20,26.5,0,0.5,0,0,0,0,8.5,10.5,0.5,0,0,1,0,9.5,0,0,11.5,0,0,0,0,0,5.5,0,0,0,0,0,0,0,0,0,0,0,0,0,0,0,0,0,0,0,0,0,0,0,0,0,0,0,0,0,0,3,0
"E505",686,103,19.5,30.5,1.5,1,0,0,0,0,7,22.5,5,0,0,3.5,0.5,0,0,0,0,0,0,0,0,0,5.5,0,0,0,0,0,0,0,0,1,0,0,0,0,0,0,0,0,0,0,0,0,0,0,0,0,0,0,0,0,0,7.5,0
"E505",687,112.5,18,28,0,1,0,0,0,0,0.5,8,0.5,1.83333333333333,2,0,0,3,0,0,2.5,0,0,0,0,0,1,0,0,0,0,0,0,0,0,0,0,0,0,0,0,0,0,0,0,0,0,0,0,0,0,0,0,0,0,0,0,4.5,0
"E505",688,117.5,7,28.5,3,0,0,0,0,0,4.5,6.5,2.5,9.16666666666667,0,0,0,2,0,0,2,0,0,0,0,31,1,0,0,0,0,0,0,0,0,0,0,0,0,0,0,0,0,0,0,0,0,0,0,0,0,0,0,0,0,0,0,1,0
"E505",689,118,14,25.5,0,0,0,0,0,0.5,0,2,4.5,0,4,0,0,0,0,0,0,0,0,0,0,2.5,0.5,0.5,0,0,0,0,0,6,0,0,0,0,0,0,0,0,0,0,0,0,0,0,0,0,0,0,0,0,0,0,0,0.5,0
"E505",690,110,20,21.5,0,0,0,0,0,0,2,0,4.5,0,3,0,7,0,0,0,0,0,0,0,0,7,6,0,0,0,0,0,0,0,0,0,0,0,0,0,0,0,0,0,0,0,0,0,0,0,0,0,0,0,0,5,0,0,0
"E505",691,117.5,11.5,28.5,3,0,0.5,0,0,2,0,5.5,11.5,0,3.5,0,0,0,0,0,3.5,0,0,0,0,0.5,11,0,0,0,0.5,0,0,0,0,0,0,0,0,0,0,0,1,0,0,0,0,0,0,0,0,0,0,0,0,10,0,4,0
"E505",692,111.5,10,39.5,2,1,0,0,0,2,7.5,8.5,5.5,1.83333333333333,2.5,4,0.5,0,0,0,2,0,0,0,0,3.5,1.5,0,0,0,0,0,0,0,0,0,0,0,0,0,0,0,0,0,0,0,0,0,0,0,0,0,0,0,0,1,4,2.5,0
"E505",693,108.5,22.5,22.5,1,0,0,0,0,2,0,9,1.5,0,0,0,0,0,0,0,0,0,0,0,0,1.5,3,0,0,0,0,0,0,3.5,0,0,0,0,0,0,0,0,0,0,0,0,0,0,0,0,0,0,0,0,0,0,0,1.5,0
"E505",694,117.5,11,15,0.5,0,0,0,0,0,3,0,2.5,5.5,1.5,0,1.5,0,0,0,0,0,0,0,0,12,0,0,0,0,0,0,0,0,0,0,0,0,0,0,0,0,0,0,0,0,0,0,0,0,0,0,0,0,0,0.5,0,0,0
"E505",695,123.5,8,11.5,0,0,0,0,0,0,0.5,0,2,0,63.5,0,3.5,0,0,0,0,0,0,0,0,3,0,0,0,0,0,0,0,0,0,0,0,0,0,0,0,0,0,0,0,0,0,0,0,0,0,0,0,0,0,0.5,0,0,0
"E505",696,108,17,9.5,2.5,1,0,0,0,0,3.5,0,5,1.83333333333333,17.5,0,1,0.5,0,0,0.5,0,0,0,0,3.5,0,0,0,0,0,0,0,0,0,0,0,0,0,0,0,0,0,0,0,0,0,0,0,0,0,0,0,0,0,0.5,0,0,0
"E505",697,102.5,25,21.5,0,0,0,0,0,2,4.5,0,5.5,0,11,0.5,0.5,0,0,0,0.5,0,0,0,0,3.5,0,0,0,0,4,0,0,0,0,0,0,0,0,0,0,0,0,0,0,0,0,0,0,0,0,0,0,0,0,2,0,0,0
"E505",698,98,26,33,3,1,0.5,3.66666666666667,0,0,4,13,5,0,1,0.5,0,3,0,0,0,0,0,0,0,0,3,0,0,0,0,0,0,0,0,0,0,0,0,0,0,0,0,0,0,0,0,0,0,0,0,0,0,0,0,5,0,6,0
"E505",699,111.5,18.5,20,1,1,0,0,0,4,0,8.5,0.5,0,0,0,0,1,0,0,3,0,0,0,0,0,1,0,0,0,0,0,6.5,0,0,0,0,0,0.5,0,0,0,0,0,0,0,0,0,0,0,0,0,0,0,0,3.5,0,1.5,0
"E505",700,87,38.5,31.5,0,1,0,0,0,0,5.5,0,3.5,0,0,1,2.5,0,0,0,4,0,0,0,0,6,4.5,0,0,0,0,1.5,0,0,0,0,0,0,0,0,0,0,0,1,0,0,0,0,0,0,0,0,0,0,0,3,1,0,0
"E501B",821,29,79,35,1,0,1,NA,0,0,23,12,0,NA,0,0.5,0,0,0,0,0,0,0,0,0,0,0,0,0,NA,1,0,0,0,0,0,0,0,0,0,0,0,0,0,0,0,0,0,0,0,0,0,0,0,0,0,0,10.5,0
"E501B",822,17,91,26,5,0,0,NA,0,0,19,10.5,0,NA,0.5,0,0,0,1,0,0,0,0,0,0,0,0,0,0,NA,0,0,0,0,0,0,0,0,0,0,0,0,0,0,0,0,0,0,0,0,0,0,0,0,0,0,0,12,0
"E501B",823,56.5,55.5,21,0.5,0,0,NA,0,0,19.5,4.5,1.5,NA,4,0,0,0,0,0,0,0,0,0,0,0,0,0,0,NA,0,0,0,0,0,0,0,0,0,0,0,0,0,0,0,0,0,0,0,0,0,0,0,0,0,0,0,9,0
"E501B",824,94.5,20,34,0,0,0,NA,0,0,17.5,8.5,1,NA,4.5,0,1,0,0,0,0,0,0,0,0,0,0,0,0,NA,0,0,0,0,0,0,0,0,1,0,0,0,0,0,0,0,0,0,0,0,0,0,0,0,0,0,0,8.5,0
"E501B",825,96.5,29.5,32,1,0,0,NA,0,0,5,16,2.5,NA,6,0,4,0,0,0,0,0,0,0,0,0,0,0,0,NA,0.5,0,0,0,0,0,0,0,0,0,0,0,0,0,0,0,0,0,0,0,0,0,0,0,0,0,0,15.5,0
"E501B",826,109.5,6.5,33,4.5,0,0,NA,0,0,11.5,4,1,NA,4,0,1.5,0,0.5,0,0,0,0,0,0,0,0,0,0.5,NA,0,0,0,0,0,0,0,0,0,0,0,0,0,0,0,0,0,0,0,0,0,0,0,0,0,0,0,7,0
"E501B",827,99,30.5,20.5,1,0,0,NA,0,0,1.5,12,1,NA,5,0,15,0,0,0,0.5,0,0,0,0,0,0,0,0,NA,0,0,0,0,0,0,0,0,0,0,0,0,0,0,0,0,0,0,0,0,0,0,0,0,0,0,0,14.5,0
"E501B",828,107,12,13,0,5.5,0,NA,0,0,7.5,23,0,NA,5.5,0.5,12.5,0,0,0,0,0,0,0,0,0,0,0,0,NA,0,0,0,0,0,0,0,0,0,0,0,0,0,0,0,0,0,0,0,0,0,0,0,0,0,0,0,17,0
"E501B",829,106,16.5,37,0,0.5,1.5,NA,0,0,9,3,4,NA,3.5,0,3.5,0,0,0,0,0,1,0,0,0,0,0,1,NA,0,0,0,0,0,0,0,0,0,0,0,0,0,0,0,0,0,0,0,0,0,0,0,0,0,0,0,3,0
"E501B",830,76,48,19,5,0,0.5,NA,0,0,3,2,3.5,NA,1,1,2.5,0,0,0,6.5,0,0,0,0,0,0.5,0,0,NA,0,0,0,0,0,0,0,0,0,0,0,0,0,0,0,0,0,0,0,0,0,0,0,0,0,0,0,2.5,0
"E501B",831,51.5,71,25.5,0,2.5,0,NA,0,0,7,11.5,1,NA,0,1,0.5,0,1,0,0,0,0,0,0,0,0,0,0,NA,0,0,0,0,0,0,0,0,0,0,0,0,0,0,0,0,0,0,0,0,0,0,0,0,0,0,0,12,0
"E501B",832,22.5,103.5,15.5,3.5,1,0,NA,0,0,1.5,8.5,1,NA,1.5,0,2.5,0,0,0,0,0,0,0,0,0,0,0,0,NA,0,0,0,0,0,0,0,0,0,0,0,0,0,0,0,0,0,0,0,0,0,0,0,0,0,0,0,11.5,0
"E501B",833,43,77.5,15.5,2.5,0,0,NA,0,2.5,9,6.5,0.5,NA,3,0,5,0,0,0,0,0,0,0,0,0,0,0,0,NA,0,0,0,0,0,0,0,0,0,0,0,0,0,0,0,0,0,0,0,0,0,0,0,0,0,0,0,5.5,0
"E501B",834,115.5,3.5,16.5,1,0,0,NA,0,0,12,26,0,NA,0,0,2,0,0,0,0,0,0,0,0,0,0,0,0,NA,0,0,0,0,0,0,0,0,0,0,0,0,0,0,0,0,0,0,0,0,0,0,0,0,0,0,0,24.5,0
"E501B",835,108.5,13.5,17.5,1,0.5,0,NA,0,0,8.5,8,0,NA,5,0,4,0,0,0,0,0,0,0,0,0,0,0,0,NA,0,0,0,0,0,0,0,0,0,0,0,0,0,0,0,0,0,0,0,0,0,0,0,0,0,0,0,7.5,0
"E501B",836,85.5,29.5,26.5,3,3.5,0.5,NA,0,0,10.5,9.5,4,NA,0,0,1,0,0,0,0,0,0,0,0,0,0,0,0,NA,0,0,0,0,0,0,0,0,0,0,0,0,0,0,0,0,0,0,0,0,0,0,0,0,0,0,0,11.5,0
"E501B",837,66,57,15,0,1,0,NA,0,0,8,19.5,0.5,NA,0,0,1.5,0,4.5,0,0,0,0,0,0,0,0,0,0,NA,0,0,0,0,0,0,0,0,0,0,0,0,0,0,0,0,0,0,0,0,0,0,0,0,0,0,0,26,0
"E501B",838,43,75.5,25.5,1,2,1,NA,0,0,10.5,3.5,0,NA,0,0,3,8,1.5,0,7.5,0,0,0,0,0,0,0,0,NA,0,0,5,0,0,0,0,0,0,0,0,0,0,0,0,0,0,0,0,0,0,0,0,0,0,0,0,5.5,0
"E501B",839,42,74,44.5,0,6.5,0,NA,0,0,9.5,1.5,0,NA,2,0,0.5,0,1.5,0,0,0,0,0,0,0,0,0,0,NA,0,0,0,0,0,0,0,0,0,0,0,0,0,0,0,0,0,0,0,0,0,0,0,0,0,0,0,1,0
"E501B",840,25,97,28.5,1,5,0.5,NA,0,0,4,0,0,NA,0,5,0,1.5,2.5,0,0,0,0,0,0,0,0,0,0,NA,0,0,6,0,0,0,0,0,0,0,0,0,0,0,0,0,0,0,0,0,0,0,0,0,0,0,0,0,0
"E103B_S3",1021,124,4.5,45,1.5,1.5,0,0,0,0.5,0.5,0,0,2.51388888888889,9.5,0,0,0,0,0,0,0,0,0,0,0,8,0,0,0.837962962962963,1,0,0,0,0,2,0,0,0,0,0,0,0,0,0,0,0,0,0,0,0,0,0,0,0,6.5,0,0,0
"E103B_S3",1022,123.5,6,37.5,1,1,0,0,0,6.5,0.5,1.5,1,2.51388888888889,0,0,0,5.5,0,0,0,0,0,0,0,0,11,0,0,0.837962962962963,0,0,0,0,0,0,0,0,0,0,0,0,0,0,0,0,0,0,0,0,0,0,0,0,0,5,0,0,0
"E103B_S3",1023,124.5,3.5,22,0.5,0.5,0,0,0,2,3,9.5,0,2.51388888888889,0,0,0,0,0,0,1,0,0,0,0,0,18,0,0,0,1,0,0,0,0,0,0,0,0,0,0,0,0,0,0,0,0,0,0,0,0,0,0,0,0,2,0,1.5,0
"E103B_S3",1024,128.5,2.5,13.5,0.5,0.5,0,0,0,9.5,0,8,0,0,0,0,0,1,0,0,0,0.5,0,0,0,0,20,0,0.5,0,0,0,0,0,0,9,0,1.5,0,0,0,0,0,0,0,0,0,0,0,0,0,0,0,0,0,5,0,0,0
"E103B_S3",1025,130,0.5,22.5,0.5,0.5,0,0,0,2.5,0.5,21,1,1.67592592592593,0,0,0,9,0,0,0,0,0,0,0,0,47.5,0,0.5,4.18981481481481,0.5,0,0,0,0,1.5,0,5.5,0,0,0.5,0,0,0,0,0,0,0,0,0,0,0,0,0,0,3.5,0,2.5,0
"E103B_S3",1026,130,1,20,0,0,0,0,0,2.5,1,10,0,2.51388888888889,0,0,0,0,0,0,0,0,0,0,0,0,13.5,0,0,31.8425925925926,2,0,0,0,0,0,0,0,0,0,0,0,0,0,0,0,0,0,0,0,0,0,0,0,0,5,0,4,0
"E103B_S3",1027,131,0.5,17.5,0.5,0,0,0,0,0,0,33,0,5.02777777777778,0.5,0,0,0,0,0,0,0,0,0,0,0,26,0,0.5,0,1.5,0,0,0,0,0,0,0.5,0,0,0,0,0,0,0,0,0,0,0,0,0,0,0,0,0,2.5,0.5,5,0
"E103B_S3",1028,126,5.5,17.5,0,0,0.5,0,0,0,0.5,19,0,1.67592592592593,2.5,0,0,0,0.5,0,0,0,0,0,0,0,0.5,0,0,0,9,0,0,0,0,0,0,0.5,0,0,0,0,0,0,0,0,0,0,0,0,0,0,0,0,0,3,0,4,0
"E103B_S3",1029,124.5,4.5,15,1.5,0.5,1.5,0,0,0,1,18.5,0.5,0.837962962962963,19,0,0.5,0.5,0.5,0,0,0,0,0,0,0,1,0,0.5,0,9,0,0,0,0,0,0,6.5,13.5,0,0,0,0,0,0,0,0,0,0,0,0,0,0,0,0,2.5,0,1.5,0
"E103B_S3",1030,118.5,12,9,0.5,0.5,0,0.837962962962963,0,0,0.5,0,0,1.67592592592593,7.5,0,0,0,0,0,0,0,0,0,0,0,22.5,0,0,0,3,0,0,0,0,0,0,0,25,0,0,0,0,0,0,0,0,0,0,0,0,0,0,0,0,0,0,0,0
"E103B_S3",1031,96,26.5,22,2.5,2.5,0.5,0,0,4.5,4.5,20,0,6.7037037037037,0,0,0,0,0,0,0,0,0,0,0,0,8,0,0,0,2,0,0,0,0,0,0,0,0,0,0,0,0,0,0,0,0,0,0,0,0,0,0,0,0,0.5,2,4,0
"E103B_S3",1032,63.5,2,8.5,0.5,0,0,0,0,0.5,0,18,0,1.67592592592593,0,0,0,0,0,0,0,0,0,0,0,0,9.5,0,0,0,0,0,0,0,0,0,0,0,0,0,0,0,0,0,0,0,0,0,0,0,0,0,0,0,0,1.5,0,3,0
"E103B_S3",1033,102,10,6.5,1.5,14.5,0.5,0,0,1,4,14,0,0,0,0,0,1.5,3,0.5,0,0,0,0,0,0,11,0,0.5,0,0,0,0,0,3,0,0,0.5,2.5,0,0,0,0,0,0,0,0,0,0,0,0,0,0,0,0,6,0,3,0
"E103B_S3",1034,86.5,23,19.5,0.5,18,0,0,0,4.5,4,4.5,1,1.67592592592593,0.5,0,0,0,1,3,0.5,0,0,0,0,0,4,0,0,0,5,0,0,0,6.5,0,0,0,1,0,0,0,0,0,0,0,0,0,0,0,0,0,0,0,0,15.5,0,2,0
"E103B_S3",1035,49.5,53.5,4.5,13,4,0,0,0,0,12,0,0,2.51388888888889,2,0,20.5,0,0,11,0,0,0,0,0,0,12.5,0,0,3.35185185185185,0,0,0,0,0,0,0,0,1,0,0,0,0,0,0,0,0,0,0,0,0,0,0,0,0,0,0,0,0
"E103B_S3",1036,66.5,20,9.5,11,22.5,0,0,0,0,12,4,0,1.67592592592593,0,0,5.5,0,0,0,0,0,0,0,0,0,7.5,0,0,0,0,0,0,0,0,0,0,0,0,0,0,0,0,0,0,0,0,0,0,0,0,0,0,0,0,0,0,1,0
"E103B_S3",1037,72,5.5,19.5,13,25.5,0,0,0,0,16,0,0,2.51388888888889,0,0,0,0,0,3.5,0,0,0,0,0,0,5.5,0,0,0,0,0,0,0,0,0,0,0,0,0,0,0,0,0,0,0,0,0,0,3.5,0,0,0,0,0,0.5,0,0,0
"E103B_S3",1038,106,7,13.5,4.5,10,0,0,0,0,4.5,6,0,4.18981481481481,6,0,0,0,0,13.5,0,0,0,0,0,0,0,0,0,0,0,0,0,0,0,0,0,0,1.5,0,0,0,0,0,0,0,0,0,0,2.5,0,0,0,0,0,0.5,1,2.5,0
"E103B_S3",1039,106,2.5,15.5,10,5,0,0,0,0,8.5,13.5,0,1.67592592592593,0,0,6.5,0,0,7,0,0,0,0,0,0,13,0,0,3.35185185185185,0,0,0,0,0,0,0,0,0,0,0,0,0,0,0,0,0,0,0,0,0,0,0,0,0,2,0,4,0
"E103B_S3",1040,106,6,18.5,5.5,8.5,3,0,0,0,6,7.5,0,1.67592592592593,0,0,6,0,0,13,0,0,0,0,0,0,5,0,0,0,0,0,0,0,0,0,0,0,0,0,0,0,0,0,0,0,0,0,0,0,0,0,0,0,0,0,0,3.5,0
"A34",621,91,37.5,1.5,3.5,0,0,0,0,0,0,10,1.5,0,8,0,0.5,0,0,0,5,2,1.5,0,0,0,0,0,0,0,0,0,0,0,0,0,0,0,0,0,0,0,0,0,0,0,0,5.5,0,0,0,0,0,0,0,2,0,9.5,0
"A34",622,101.5,26.5,2.5,4,0,0,0,0,0,0,20.5,2.5,0,8,0,0.5,0,0,0,5.5,0,3.5,0,0,0,0,0,0,0,0,0,0,0,0,0,0,0,0,0,0,0,0,0,0,0,0,14.5,0,0,0,0,0,0,0,0.5,0,14.5,0
"A34",623,92,32.5,2,7,0,0,0,0,0,0.5,12,0,0,8.5,0,0,0,0,0,0,4,0,0,0,0,0,0,0,0,0,0,0,0,0,0,0,0,0,0,0,0,0,0,0,0,0,15.5,0,0,0,0,0,0,0,0,0,14,0
"A34",624,87.5,35.5,2.5,7.5,0,0,0,0,0,1.5,20.5,1,0,7,0,0.5,0,0,0,2.5,5.5,3,0,0,0,0,0,0,0,0,0,0,0,0,0,0,0,0,0,0,0,0,0,0,0,0,11,0,0,0,0,0,0,0,1.5,0,16,0
"A34",625,102,28.5,4,1,0,0,0,0,0,0.5,13.5,0.5,0,8,0,2.5,0,0,0,2.5,4,0,0,0,0,0,0,0,0,0,0,0,0,0,0,0,0,0,0,0,0,0,0,0,0,0,21.5,0,0,0,0,0,0,0,2.5,0,12,0
"A34",626,99.5,24,1.5,3.5,0,0,0,0,0,5,12,2.5,0,6.5,0,0.5,1.5,0,0,6.5,1,2.5,0,0,0,0,0,0,0,0,0,0,0,0,0,0,0,0,0,0,0,0,0,0,0,0,23,0,0,0,0,0,0,0,2,0,9,0
"A34",627,74.5,41,8.5,1.5,5.5,0,0,0,0,9.5,5.5,6,0,15.5,0,0,0,0,0,0.5,0,0,0,0,0,0,0,0,0,0,0,0,0,0,0,0,0,0,0,0,0,0,0,0,0,0,5,0,0,0,0,0,0,0,0.5,0,5,0
"A34",628,65,61.5,2.5,0,2.5,0,0,0,0,3,6.5,0,0,16.5,0,0,0,0,0,9,4,0,0,0,0,0,0,0,0,0,0,0,0,0,0,0,0,0,0,0,0,0,0,0,0,0,5,0,0,0,0,0,0,0,4,0,4.5,0
"A34",629,98.5,9.5,18,0,0,0,0,0,0,24,3,1.5,0,13.5,0,0,1.5,0,0,5,2.5,1,0,0,0,4,0,0,0,0,0,0,0,0,0,0,0,0,0,0,0,0,0,0,0,0,4,0,0,0,0,0,0,0,2,0,1.5,0
"A34",630,58,57.5,1.5,10,0,0,0,0,0,6.5,3,0.5,0,13,0,1,0,0,0,0,1,0.5,0,0,0,0,0,0,0,0,0,0,0,0,0,0,0,0,0,0,0,0,0,0,0,0,2,0,0,0,0,0,0,0,0,0,2.5,0
"A34",631,83,42,0.5,5.5,0,0,0,0,0,1.5,13.5,0,0,26.5,0,0,0,0,0,0,1.5,0,0,0,0,0,0,0,0,0,0,0,0,0,0,0,0,0,0,0,0,0,0,0,0,0,10.5,0,0,0,0,0,0,0,0,0,10.5,0
"A34",632,70,44.5,0,2,0,0,0,0,0,15.5,3.5,2.5,0,11,0,1,0,0,0,0,3,0.5,0,0,0,0,0,0,0,0,0,0,0,0,0,0,0,0,0,0,0,0,0,0,0,0,14.5,0,0,0,0,0,0,0,1,0,3.5,0
"A34",633,88.5,30.5,1.5,0.5,0,0,0,0,0,12.5,24,3,0,12,0,0,1,0,0,2,0,2,0,0,0,0,0,0,0,0,0,0,0,0,0,0,0,0,0,0,0,0,0,0,0,0,6.5,0,0,0,0,0,0,0,1.5,0,14,0
"A34",634,75.5,44.5,0.5,0,0,0,0,0,0,12,8,1.5,0,4,0,0,1,0,0,0,6,0.5,0,0,0,0,0,0,0,0,0,0,0,0,0,0,0,0,0,0,0,0,0,0,0,0,23.5,0,0,0,0,0,0,0,0,0,8.5,0
"A34",635,106,6.5,5.5,0,0,0,0,0,0,19.5,9.5,7,0,19,0,0.5,5.5,0,0,0,2.5,2,0,0,0,0,0,0,0,0,0,0,0,0,0,0,0,0,0,0,0,0,0,0,0,0,6.5,0,0,0,0,0,0,0,2.5,0,10.5,0
"A34",636,39.5,47,3,0,0,0,0,0,0,45.5,5,0,0,4,0,0.5,0,0,0,0.5,1.5,0,0,0,0,0,0,0,0,0,0,0,0,0,0,0,0,0,0,0,0,0,0,0,0,0,0,0,0,0,0,0,0,0,0,0,1,0
"A34",637,41,73,2.5,2,0,0,0,0,0,16,7,0,0,3.5,0,5,0,0,0,0,0.5,0,0,0,0,0,0,0,0,0,0,0,0,0,0,0,0,0,0,0,0,0,0,0,0,0,0,0,0,0,0,0,0,0,0.5,0,7,0
"A34",638,53.5,67,0.5,0,0,0,0,0,0,11.5,9.5,0,0,20.5,0,2,0,0,0,0,0,0,0,0,0,0,0,0,0,0,0,0,0,0,0,0,0,0,0,0,0,0,0,0,0,0,0,0,0,0,0,0,0,0,0,0,3.5,0
"A34",639,40.5,65.5,0.5,0,0,0,0,0,0,26,8.5,2,0,8.5,0,2,0,0,0,1,1,2.5,0,0,0,0,0,0,0,0,0,0,0,0,0,0,0,0,0,0,0,0,0,0,0,0,0,0,0,0,0,0,0,0,1.5,0,6,0
"A34",640,46.5,50,1,0,0,0,0,0,0,35.5,16,1.5,0,11.5,0,3,0,0,0,2.5,0,0,0,0,0,0,0,0,0,0,0,0,0,0,0,0,0,0,0,0,0,0,0,0,0,0,0,0,0,0,0,0,0,0,0,0,11.5,0
"A18",641,94.5,31.5,3,0,0,0,0,0,0,6,15,4,0,7.5,0,0.5,1,0,0,1.5,0,2.5,0,0,0,0,0,0,0,0,0,0,0,0,0,0,0,15,0,0,0,0,0,0,0,0,17.5,0,0,0,0,0,0,0,1,0,9.5,0
"A18",642,81,35.5,2,0,0,0,0,0,0,15.5,7.5,2.5,0.5,13.5,0.5,0.5,0,0,0,3,0,1.5,0,0,0,0.5,0,0,0,0,0,0,0,0,0,0,0,0,0,0,0,0,0,0,0,0,11.5,0,0,0,0,0,0,0,4,0,6.5,0
"A18",643,59,38.5,8,0.5,0,0,0,0,0,34,5.5,2,0.5,2.5,0,1,0.5,0,0,0.5,0.5,0.5,0,0,0,0,0,0,0,0,0,0,0,0,0,0,0,0,0,0,0,0,0,0,0,0,16,0,0,0,0,0,0,0,0.5,0,6,0
"A18",644,64.5,36,3,0,0,0,0,0,0,31.5,14,3,0,2.5,0,0,0,0,0,0.5,0,5.5,0,0,0,1,0,0,0,0,0,0,0,0,0,0,0,0,0,0,0,0,0,0,0,0,6,0,0,0,0,0,0,0,3,0,10,0
"A18",645,60,33,3,0,0,0,0,0,0,39,4.5,2.5,0,5.5,0,0,0.5,0,0,2,0,3,0,0,0,0,0,0,0,0,0,0,0,0,0,0,0,3,0,0,0,0,0,0,0,0,10,0,0,0,0,0,0,0,3,0,4.5,0
"A18",646,101.5,22,9,1,0,0,0,0,0,7.5,16.5,0,0,8.5,0,1,0,0,0,1,2,0,0,0,0,0,0,0,0,0,0,0,0,0,0,0,1,0,0,0,0,0,0,0,0,0,21,0,0,0,0,0,0,0,2,0,11.5,0
"A18",647,91,23.5,20,0,0,0,0,0,0,17.5,12.5,0,0,11.5,0,0,0,0,0,0,0.5,0,0,0,0,0,0,0,0,0,0,0,0,0,0,0,0,0,0,0,0,0,0,0,0,0,12.5,0,0,0,0,0,0,0,4,0,10,0
"A18",648,114.5,17,15,0,0,0,0,0,0,0.5,3,0,0,3,0,0.5,0,0,0,1,2,0,0,0,0,0,0,0,0,0,0,0,0,0,0,0,0,8.5,0,0,0,0,0,0,0,0,27.5,0,0,0,0,0,0,0,6,0,2.5,0
"A18",649,87.5,33,9,1,0,0,0,0,0,10.5,8.5,0,0,1.5,0,0.5,0,0,0,0,0,0,0,0,0,0,0,0,0,0,0,0,0,0,0,0,3,0,0,0,0,0,0,0,0,0,29,0,0,0,0,0,0,0,6,0,7.5,0
"A18",650,100.5,21,4.5,0,0,0,0,0,0,10.5,11.5,0.5,0,11,0,0.5,0,0,0,0,0.5,0,0,0,0,0,0,0,0,0,0,0,0,0,0,0,0,36.5,0,0,0,0,0,0,0,0,19,0,0,0,0,0,0,0,2.5,0,9.5,0
"A18",651,96.5,20.5,2.5,0.5,0,0,0,0,0,14.5,7.5,0,0.5,3.5,0,0.5,4,0,0,0.5,3,0,0,0,0,0,0,0,0,0,0,0,0,0,0,0,0,17,0,0,0,0,0,0,0,0,28.5,0,0,0,0,0,0,0,4,0,5,0
"A18",652,71.5,39.5,5,0.5,0,0,0,0,0,20.5,3.5,0,0.5,7.5,0,0,0,0,0,0,0,0,0,0,0,0,0,0,0,0,0,0,0,0,0,0,0,2.5,0,0,0,0,0,0,0,0,18,0,0,0,0,0,0,0,0,0,2,0
"A18",653,91,23,4,0.5,0,0,0,0,0,17.5,5.5,1,0,15.5,0,0,0,0,0,0,0,3,0,0,0,0,0,0,0,0,0,0,0,0,0,0,0,1,0,0,0,0,0,0,0,0,16,0,0,0,0,0,0,0,0,0,6,0
"A18",654,100.5,5,16,1.5,7,0,0,0,0,18,26.5,3,0,0,0,0,12,0,0,2.5,0,4.5,0,0.5,0,0,0,0,0,0,0,0,0,0,0,0,0,0,0,0,0,0,0,0,0,0,4,0,0,0,0,0,0,0,0,0,29,0
"A18",655,80.5,24.5,9.5,0,0,0,0,0,0,27,2.5,3,0,5,0,0,0,0,0,0,4,1.5,0,0,0,0,0,0,0,0,0,0,0,0,0,0,1,6,0,0,0,0,0,0,0,0,14,0,0,0,0,0,0,0,0,0,3.5,0
"A18",656,80.5,30,9.5,0,1,0,0,0,0,20.5,3.5,0,0,2.5,0,1,0,0,0,0,3.5,0,0,0,0,0,0,0,0,0,0,0,0,0,0,0,0,0,0,0,0,0,0,0,0,0,21.5,0,0,0,0,0,0,0,0,0,1.5,0
"A18",657,70,24.5,8.5,1,0,0,0,0,0,36.5,3,1.5,0,8,0,0,1,0,0,0,3,0,0,0,0,0,0,0,0,0,0,0,0,0,0,0,0,0,0,0,0,0,0,0,0,0,17,0,0,0,0,0,0,0,0.5,0,3,0
"A18",658,115,7,5.5,0,0,0,0,0,0,10,4.5,9,0,14,0,0,2.5,0,0,5,2,1.5,0,0,0,0,0,0,0,0,0,0,0,0,0,0,0,0,0,0,0,0,0,0,0,0,23,0,0,0,0,0,0,0,0,0,5,0
"A18",659,82.5,32,2.5,0,0,0,0,0,0,17.5,8.5,0,0,18.5,0,0,0,0,0,0,0,0,0,0,0,0,0,0,0,0,0,0,0,0,0,0,0,13,0,0,0,0,0,0,0,0,8.5,0,0,0,0,0,0,0,4,0,9.5,0
"A18",660,71.5,29,7.5,0,0,0,0,0,0,31.5,9.5,2.5,0,1,0,0,1,0,0,0,3.5,0,0,0,0,0,0,0,0,0,0,0,0,0,0,0,0,0,0,0,0,0,0,0,0,0,28,0,0,0,0,0,0,0,2.5,0,6.5,0
"A213",661,116,2,0.5,14,0,0,0,0,0,0,16.5,0,0,23,0,0,0,0,0,0,0,0,0,0,0,0,0,0,0,0,0,0,0,0,0,0,0,15,0,0,0,0,0,0,0,0,0,0,0,0,0,0,0,0,1.5,0,11,0
"A213",662,117.5,2.5,2,12,0,0,0,0,0,0,24,3,0,18.5,0,0,0,0,0,0,0,0,0,0,0,0,0,0,0,0,0,0,0,0,0,0,0,14,0,0,0,0,0,0,0,0,0,0,0,0,0,0,0,0,0,0,19,0
"A213",663,128.5,1.5,0.5,2,0,0,0,0,0,0,58,0,0,24.5,0,0,0,0,0,0,0,0,0,0,0,0,0,0,0,0,0,0,0,0,0,0,0,0,0,0,0,0,0,0,0,0,0,0,0,0,0,0,0,0,0,0,50,0
"A213",664,129.5,2,1.5,0.5,0,0,0,0,0,0,22.5,0,0,39,0,0,0,0,0,0,0,0,0,0,0,0,0,0,0,0,0,0,0,0,0,0,0,6.5,0,0,0,0,0,0,0,0,0,0,0,0,0,0,0,0,0,0,20,0
"A213",665,130,1.5,7.5,0.5,0,0,0,0,0,0,45.5,1,0,5,0,0,0,0,0,0,0,1,0,0,0,0,0,0,0,0,0,0,0,0,0,0,0,0,0,0,0,0,0,0,0,0,41.5,0,0,0,0,0,0,0,0,0,24,0
"A213",666,128,3,8.5,1,0,0,0,0,0,0,62,1,0,12,0,0,0,0,0,0,0,0,0,0,0,0,0,0,0,0,0,0,0,0,0,0,0,0,0,0,0,0,0,0,0,0,5,0,0,0,0,0,0,0,0,0,30,0
"A213",667,130,2,1.5,0,0,0,0,0,0,0,42.5,0,0,34,0,0,0,0,0,0.5,0,0,0,0,0,0,0,0,0,0,0,0,0,0,0,0,0,0,0,0,0,0,0,0,0,0,0,0,0,0,0,0,0,0,0,0,25.5,0
"A213",668,131.5,0.5,26,0,0,0,0,0,0,0,47.5,15.5,0,0,0,0,0.5,0,0,0,0,0.5,0,0,0,0,0,0,0,0,0,0,0,0,0,0,0,0,0,0,0,0,0,0,0,0,8,0,0,0,0,0,0,0,0.5,0,36,0
"A213",669,129.5,2,4,0.5,0,0,0,0,0,0,38,2.5,0,30,0,0,0,0,0,0,0,0.5,0,0,0,0,0,0,0,0,0,0,0,0,0,0,0,0,0,0,0,0,0,0,0,0,21,0,0,0,0,0,0,0,0,0,21.5,0
"A213",670,122,8,1.5,2,0,0,0,0,0,0,33.5,0,0,28.5,0,0.5,0,0,0,0,0,0,0,0,0,0,0,0,0,0,0,0,0,0,0,0,0,7,0,0,0,0,0,0,0,0,0,0,0,0,0,0,0,0,0,0,20.5,0
"A213",671,127,3.5,3,1.5,0,0,0,0,0,0,37.5,0,0,31,0,0,0,0,0,0,0,0,0,0,0,0,0,0,0,0,0,0,0,0,0,0,0,7.5,0,0,0,0,0,0,0,0,0.5,0,0,0,0,0,0,0,0,0,17,0
"A213",672,126.5,4.5,0,1,0,0,0,0,0,0,23.5,0,0,32.5,0,0,0,0,0,0,0,0,0,0,0,0,0,0,0,0,0,0,0,0,0,0,0,1.5,0,0,0,0,0,0,0,0,0,0,0,0,0,0,0,0,0,0,14,0
"A213",673,124,5.5,3.5,2.5,0,0,0,0,0,0,25.5,0,0,16,0,0,0,0,0,0,0,0,0,0,0,0,0,0,0,0,0,0,0,0,0,0,0,7,0,0,0,0,0,0,0,0,0,0,0,0,0,0,0,0,0.5,0,12.5,0
"A213",674,127,4.5,6,0.5,0,0,0,0,0,0,26,0,0,25,0,0,0,0,0,0,0,0,0,0,0,0,0,0,0,0,0,0,0,0,0,0,0,2,0,0,0,0,0,0,0,0,0,0,0,0,0,0,0,0,2,0,17,0
"A213",675,120.5,6.5,3,5,0,0,0,0,0,0,28.5,0,0.5,18.5,0,0,0,0,0,0,0,0,0,0,0,0,0,0,0,0,0,0,0,0,0,0,0,0,0,0,0,0,0,0,0,3,0,0,0,0,0,0,0,0,0.5,0,22,0
"A213",676,122.5,4.5,2,5,0,0,0,0,0,0,34,0,0,26.5,0,0,0,0,0,0,0,0,0,0,0,0,0,0,0,0,0,0,0,0,0,0,0,0,0,0,0,0,0,0,0,0,4,0,0,0,0,0,0,0,2,0,27,0
"A213",677,125,7,3.5,0,0,0,0,0,0,0,21,0,0,25.5,0,0,0,0,0,0,0,0,0,0,0,0,0,0,0,0,0,0,0,0,0,0,0,15.5,0,0,0,0,0,0,0,0,0,0,0,0,0,0,0,0,0.5,0,15,0
"A213",678,124,6.5,1,1.5,0,0,0,0,0,0,22.5,0,0,16,0,0,0,0,0,0,0,0,0,0,0,0,0,0,0,0,0,0,0,0,0,0,0,0,0,0,0,0,0,0,0,0,0,0,0,0,0,0,0,0,0,0,16,0
"A213",679,119,6.5,6,6.5,0,0,0,0,0,0,27,0,0,20,0,0,0,0,0,0,0,0,0,0,0,0,0,0,0,0,0,0,0,0,0,0,0,2,0,0,0,0,0,0,0,0,0,0,0,0,0,0,0,0,0,0,12.5,0
"A213",680,115.5,16,5.5,0.5,0,0,0,0,0,0,35.5,0,0,13,0,0,0,0,0,0,0,0,0,0,0,0,0,0,0,0,0,0,0,0,0,0,0,0,0,0,0,0,0,0,0,0,0,0,0,0,0,0,0,0,0,0,19.5,0
"A319",321,128.5,2,7.5,0,0.5,0,0,0,0,1,23.5,5.5,0,31.5,0,0,0,0,0,3,0.5,0,0,0,0,0,0,0,0,0,0,0,0,0,0,0,0,0,0,0,0,0,0,0,0,0,4,0,0,0,0,0,0,0,1,0,18,0
"A319",322,129.5,1,1.5,1.5,0,0,0,0,0,0,7,17,0,44,0,1,0,0,0,4.5,0.5,0,0,0,0,0,0,0,0,0,0,0,0,0,0,0,0,0,0,0,0,0,0,0,0,0,1.5,0,0,0,0,0,0,0,4.5,0,6.5,0
"A319",323,126,6,4,0,0,0,0,0,0,0,11.5,8.5,0,36,0,0.5,0,0,0,1.5,2.5,0,0,0,0,0,0,0,0,0,0,0,0,0,0,0,0,0,0,0,0,0,0,0,0,0,7,0,0,0,0,0,0,0,2,0,10,0
"A319",324,131,1,7,0,0,0,0,0,0,0,23,34.5,0,4.5,0,0,0,0,0,6.5,3,0,0,0,0,0,0,0,0,0,0,0,0,0,0,0,0,0,0,0,0,0,0,0,0,0,6,0,0,0,0,0,0,0,1.5,0,17,0
"A319",325,130,0,4,0,0,0,0,0,0,2,47,21,1,0,0,0,0,0,0,0,1,0,0,0,0,0,0,0,0,0,0,4,0,0,0,0,0,0,0,0,0,0,0,0,0,0,4,0,0,0,0,0,0,0,0,0,24.5,0
"A319",326,129.5,2.5,3,0,0,0,0,0,0,0,11.5,3,0,42,0,0,0,0,0,0,1,0,0,0,0,0,0,0,0,0,0,0,0,0,0,0,0,14,0,0,0,0,0,0,0,0,2,0,0,0,0,0,0,0,5.5,0,8.5,0
"A319",327,131.5,0.5,3,0,0,0,0,0,0,0,23,9.5,0,17,0,0,0,0,0,4,1.5,0,0,0,0,0,0,0,0,0,0,0,0,0,0,0,3.5,1,0,0,0,0,0,0,0,0,0,0,0,0,0,0,0,0,4.5,0,18,0
"A319",328,131,1,3,0,0,0,0,0,0,0,16,21,0,34.5,0,0,0,0,0,0,1.5,0,0,0,0,3,0,0,0,0,0,0,0,0,0,0,1.5,0,0,0,0,0,0,0,0,0,4,0,0,0,0,0,0,0,1.5,0,11.5,0
"A319",329,130,0.5,2.5,0.5,0,0,0,0,0,1,33.5,33.5,0,3,0,0,0,1.5,0,0,0,0,0,0,0,0,0,0,0,0,0,0,0,0,0,0,0,19.5,0,0,0,0,0,0,0,0,5.5,0,0,0,0,0,0,0,2.5,0,20,0
"A319",330,132,0,7,0,0,0,0,0,0,0,20.5,13.5,1,18.5,0,0,0,0,0,4.5,0.5,0,0,0,0,0,0,0,0,0,0,0,0,0,0,0,2,5.5,0,0,0,0,0,0,0,0,1.5,0,0,0,0,0,0,0,3,0,9,0
"A319",331,121,6.5,5.5,4.5,0,0,0,0,0,0,7.5,3,0,49.5,0,0,0,0,0,0,0,0,0,0,0,0,0,0,0,0,0,0,0,0,0,0,0,0,0,0,0,0,0,0,0,0,0,0,0,0,0,0,0,0,1,0,4.5,0
"A319",332,130.5,1,1,0.5,0,0,0,0,0,0,8.5,18,1,29,0,1,0,0,0,1.5,1,0.5,0,0,0,0,0,0,0,0,0,0,0,0,0,0,0,8.5,0,0,0,0,0,0,0,0,1.5,0,0,0,0,0,0,0,0.5,0.5,4,0
"A319",333,128.5,0.5,0.5,3,0,0,0,0,0,0,10.5,3,0.5,36,0,0,3.5,0,0,5,0,0,0,0,0,0,0,0,0,0,0,0,0,0,0,0,0,4.5,0,0,0,0,0,0,0,0,0.5,0,0,0,0,0,0,0,1.5,0,8,0
"A319",334,129.5,1,10,1.5,0,0,0,0,0,0,23,5,0,36,0,1,0,0,0,7,0,0,0,0,0,0,0,0,0,0,0,0,0,0,0,0,0,0,0,0,0,0,0,0,0,0,0,0,0,0,0,0,0,0,3.5,0,11.5,0
"A319",335,118.5,9,3,4,0,0,0,0,0,0.5,22,0.5,1,30.5,0,2,0,0,0,0,0,0,0,0,0,0,0,0,0,0,0,0,0,0,0,0,1.5,2,0,0,0,0,0,0,0,0,0.5,0,0,0,0,0,0,0,0.5,0,10.5,0
"A319",336,129.5,1.5,1,1,0,0,0,0,0,0,17,1,3,26,0,0,0,0,0,5.5,2,0,0,0,0,0,0,0,0,0,0,0,0,0,0,0,0,7.5,0,0,0,0,0,0,0,0,0,0,0,0,0,0,0,0,4.5,0,14,0
"A319",337,131,0,9,1,0,0,0,0,0,0,30.5,6,1,16.5,0,0,0,0,0,7,0,0,0,0,0,0,0,0,0,0,0,0,0,0,0,0,0,0,0,0,0,0,0,0,0,0,7.5,0,0,0,0,0,0,0,10.5,0,16,0
"A319",338,132,0,15,0,0,0,0,0,1,0,27,8.5,0,3,0,0,8.5,3.5,0,4.5,0,0,0,0,0,0,0,0,0,0,0,0,0,0,0,0,0,0,0,0,0,0,0,0,0,0,10,0,0,0,0,0,0,0,1,0.5,18.5,0
"A319",339,129,3,2,0,0,0,0,0,0,0,22.5,5,0.5,17,0,0,1,0,0,1.5,1.5,0.5,0,0,0,0,0,0,0,0,0,0,0,0,0,0,0,9,0,0,0,0,0,0,0,0,10.5,0,0,0,0,0,0,0,6.5,0.5,16.5,0
"A319",340,131,0,3.5,1,0,0,0,0,0,0,20.5,2,0,17,0,0.5,6.5,0,0,0,0,0,0,0,0,0,0,0,0,0,0,0,0,0,0,0,0,15,0,0,0,0,0,0,0,0,8,0,0,0,0,0,0,0,4.5,0,14.5,0
"S330",101,111,10,1,0.5,0,0,0,0,0,10.5,0,0.5,11.5,21.5,0,1,0,10,0,0,1.5,2.5,0,0,0,0,0,0,0,0,0,0,0,0,0,0,0,0,0,0,0,0,0,0,0,0,0,0,0,0,0,0,0,0,0,0,0,0
"S330",102,128,0,12,0,1.5,0,0,0,0,2.5,5,11,0,7,0,9,0,0,0,0.5,2.5,2.5,0,0,0,0,0,0,0,0,0,3,0,0,0,0,0,0,0,0,0,0,0,0,0,0,0,0,0,0,0,0,0,0,0,0,3,0
"S330",103,123,4,7,0,0,0,0,0,0,5,1.5,11.5,1.5,4,0,2,5,9,0.5,1.5,0,5.5,0,0,0,0,0,0,0,0,0,3.5,0,0,0,0,0,0,0,0,0,0,0,0,0,0,0,0,0,0,0,0,0,0,0,0,2,0
"S330",104,124,5.5,9,0,0.5,0,0,0,0,2,0,7.5,0,39,0,3,0,0,0,1.5,0,1,0,0,0,0,0,0,0,0,0,0,0,0,0,0,0,0,0,0,0,0,0,0,0,0,0,0,0,0,0,0,0,0,0,0,0,0
"S330",105,120,5,9,1.5,0,0,0,0,0,5.5,0,9,0.5,10,0.5,1.5,0,0,0,1,0,2,0,0,0,0,0,0,0,0,0,0,0,0,0,0,0,0,0,0,0,0,0,0,0,0,0,0,0,0,0,0,0,0,0,0,0,0
"S330",106,115,1,11,1,0.5,0,0,0,0,14.5,0,15,0.5,3,0,0,0,0,0.5,19,0,0.5,0,0,0,0,0,0,0,0,0,0,0,0,0,0,0,0,0,0,0,0,0,0,0,0,1.5,0,0,0,0,0,0,0,0,1.5,0,0
"S330",108,105.5,24.5,14,0,0,0,0,0,0,2,0,3,0.5,28.5,0,1,0,0,0,6,0,0,0,0,0,0,0,0,0,0,0,0,0,0,0,0,0,0,0,0,0,0,0,0,0,0,0,0,0,0,0,0,0,0,0,0,0,0
"S330",109,122,5,13,0,0.5,0,0,0,0,4.5,0,12.5,3,11,0,0.5,0,0,0,0.5,0,3,0,0,0,0,0,0,0,0,0,0,0,0,0,0,0,0,0,0,0,0,0,0,0,0,0,0,0,0,0,0,0,0,0,0,0,0
"S330",110,118.5,7.5,27.5,0,0,0,0,0,0,6,0,7,2.5,7,0,0.5,0,0,0,0,0,0,0,0,0,0,0,0,0,0,0,0,0,0,0,0,0,0,0,0,0,0,0,0,0,0,0,0,0,0,0,0,0,0,0,0,0,0
"S330",111,117,10.5,7.5,0,0.5,0,0,0,0,4,0,9.5,2.5,9.5,0,2,0,2,0.5,0.5,5,2.5,0,0,0,0,0,0,0,0,0,0,0,0,0,0,8.5,0,0,0,0,0,0,0,0,0,0,0,0,0,0,0,0,0,0,0,0,0
"S330",112,125.5,2.5,15.5,0,1,0,0,0,0,3,0,4.5,1.5,7.5,0,1.5,0,1,0.5,0,0,1.5,0,0,0,0,0,0,0,0,0,0,0,0,0,0,0,0.5,0,0,0,0,0,0,0,0,0,0,0,0,0,0,0,0,0,1,0,0
"S330",113,124.5,2.5,15,0,0.5,0,0,0,0,4.5,0,3.5,1.5,18.5,0,2.5,0,0,0,0,0,1,0,0,0,0,0,0,0,0,0,0,0,0,0,0,0,0,0,0,0,0,0,0,0,0,0,0,0,0,0,0,0,0,0,0,1,0
"S330",114,126,1.5,7,0,2.5,0,0,0,0,2,0,6.5,0,15.5,0,0.5,0,2,0,1,0.5,0.5,0,0,0,0,0,0,0,0,0,0,0,0,0,0,2.5,11.5,0,0,0,0,0,0,0,0,0,0,0,0,0,0,0,0,0,0,0,0
"S330",115,127,2,10.5,0,0.5,0,0,0,0,2.5,5,9,0,6,0,0,0,0,0,1.5,3,1.5,0,0,0,0,0,0,0,0,1.5,0,0,0,0,0,0,0,0,0,0,0,0,0,0,0,11,0,0,0,0,0,0,0,0,1,2.5,0
"S330",116,126,3.5,27.5,0,2,0,0,0,0,0.5,0,3,0,15,0,0.5,0,0,0,0,0,0,0,0,0,0,0,0,0,0,0,0,0,0,0,0,0,0,0,0,0,0,0,0,0,0.5,0,0,0,0,0,0,0,0,0,0,0,0
"S330",117,122.5,0,13.5,1,1,0,0,0,0,7.5,0,4.5,1.5,9,0,0,0,2,0,0,0,1,0,0,0,0,0,0,0,0,0,0,0,0,0,0,11,0.5,0,0,0,0,0,0,0,0,0,0,0,0,0,0,0,0,0,0,0,0
"S330",118,129,1.5,13,0,0.5,0,0,0,0,1,0,17,1.5,17,0,0.5,0,0,0,2,2.5,4.5,0,0,0,0,0,0,0,0,1,1,0,0,0,0,0,0,0,0,0,0,0,0,0,0,0,0,0,0,0,0,0,0,0,0.5,0,0
"S330",119,124,3,7.5,1,1.5,0,0,0,0,2.5,0,6,0,18,0,0,0,1,0,2,1,0.5,0,0,0,0,0,0,0,0,0,0,0,0,0,0,1,3.5,0,0,0,0,0,0,0,0,0,0,0,0,0,0,0,0,0,0.5,0,0
"S330",120,125,4,4.5,1.5,1.5,0,0,0,0,0,0,6.5,0,52.5,0,0.5,0,0,0,0,3.5,0.5,0,0,0,0.5,0,0,0,0,0,0,0,0,0,0,0,0,0,0,0,0,0,0,0,0,0,0,0,0,0,0,0,0,0,0.5,0,0
"A71",941,121.5,10.5,7.5,0,0,0,0,0,0,0,4,1,4.5,12,0,10.5,0,0,0,0,0,0,0,0,0,0,0,0,0,0,0,0,0,0,0,0,0,1,0,0,0,0,0,0,0,0,0,0,0,0,0,0,0,0,2,0,2,0
"A71",942,119.5,11.5,0,0,1,0,0,0,0,0,12.5,0.5,6,10,0,19.5,0,0,0,0,2.5,0,0,0,0,0,0,0,0,0,0,0,0,0,0,0,0,0,0,0,0,0,0,0,0,0,0,0,0,0,0,0,0,0,5,0,1.5,0
"A71",943,115.5,16.5,0,0,0,0,0,0,0,0,10,3,4,26,0,6,0,0,0,0,1,0,0,0,0,0,0,0,0,0,0,0,0,0,0,0,0,1,0,0,0,0,0,0,0,0,0,0,0,0,0,0,0,0,2,0,2.5,0
"A71",944,108,15,0,9,0,0,0,0,0,0,10,0,1,30.5,0.5,6,0,0,0,0,0,0,0,0,0,0,0,0,0,0,0,0,0,0,0,0,0,1,0,0,0,0,0,0,0,0,0,0,0,0,0,0,0,0,6.5,0,2.5,0
"A71",945,101.5,30.5,5,0,0,0,0,0,0,0,11.5,0,8.5,8.5,0,5,0,0,0,0,1.5,0,0,0,0,0,0,0,0,0,0,0,0,0,0,0,0,0,0,0,0,0,0,0,0,0,0,0,0,0,0,0,0,0,5,0,2,0
"A71",946,108,24,0,0,0,0,0,0,0,0,13,2,3,14,0,6,0,0,0,0,4,0,0,0,0,0,0,0,0,0,0,0,0,0,0,0,0,0,0,0,0,0,0,0,0,0,0,0,0,0,0,0,0,0,4,0,3.5,0
"A71",947,63,2.5,0,0,0.5,0,0,0,0,0,16,0,2.5,13.5,0,4,0,0,0,0,0.5,0,0,0,0,0,0,0,0,0,0,0,0,0,0,0,0,2,0,0,0,0,0,0,0,0,0,0,0,0,0,0,0,0,1.5,0,2.5,0
"A71",948,115,15,0,2,0,0,0,0,0,0,15,0,2,18.5,0,5,0,0,0,0,0,0,0,0,0,0,0,0,0,0,0,0,0,0,0,0,2.5,1.5,0,0,0,0,0,0,0,0,0,0,0,0,0,0,0,0,5,0,3.5,0
"A71",949,121.5,10.5,0,0,0,0,0,0,0,0,4,0,4,11,0,25.5,0,0,0,0,1.5,0,0,0,0,0,0,0,0,0,0,0,0,0,0,0,0,0,0,0,0,0,0,0,0,0,0,0,0,0,0,0,0,0,1.5,0,1.5,0
"A71",950,104.5,27.5,4.5,0,0,0,0,0,0,0,7,4,4.5,3,2,14.5,0,0,0,0,0,0,0,0,0,0,0,0,0,0,0,0,0,0,0,0,0,0,0,0,0,0,0,0,0,0,0,0,0,0,0,0,0,0,2,0,2,0
"A71",951,95,35,0,0,0,0,0,0,0,2,2.5,1,9.5,2.5,0,15,0,0,0,0,0,0,0,0,0,0,0,0,0,0,0,0,0,0,0,0,0,0,0,0,0,0,0,0,0,0,0,0,0,0,0,0,0,0,2,0,1,0
"A71",952,112,20,3,0,0,0,0,0,0,0,16.5,1,10.5,1.5,0,23.5,0,0,0,0,0,0,0,0,0,0,0,0,0,0,0,0,0,0,0,0,0,0,0,0,0,0,0,0,0,0,0,0,0,0,0,0,0,0,0,0,2,0
"A71",953,99,33,1,0,0,0,0,0,0,0,2,1.5,3,39.5,0,14.5,0,0,0,0,0,0,0,0,0,0,0,0,0,0,0,0,0,0,0,0,0,0,0,0,0,0,0,0,0,0,0,0,0,0,0,0,0,0,5.5,0,0.5,0
"A71",954,108,20,0,1,3,0,0,0,0,0,18,1,2,51.5,0,7.5,0,0,0,0,0,0,0,0,0,0,0,0,0,0,0,0,0,0,0,0,0,8,0,0,0,0,0,0,0,0,0,0,0,0,0,0,0,0,8,0,6,0
"A71",955,78,54,0,0,0,0,0,0,0,0,10.5,5.5,4,34,0,9.5,0,0,0,0,5.5,0,0,0,0,0,0,0,0,0,0,0,0,0,0,0,0,0,0,0,0,0,0,0,0,0,0,0,0,0,0,0,0,0,10,0,2,0
"A71",956,87,44,0,0,1,0,0,0,0,0,10.5,6.5,2.5,18.5,0,14.5,0,0,0,0.5,3,0,0,0,0,0,0,0,0,0,0,0,0,0,0,0,0,4,0,0,0,0,0,0,0,0,0,0,0,0,0,0,0,0,9,0,4.5,0
"A71",957,83,48,0,0,1,0,0,0,0,0,10.5,6.5,1,22.5,0,12.5,0,0,0,0.5,2,0,0,0,0,0,0,0,0,0,0,0,0,0,0,0,0,0,0,0,0,0,0,0,0,0,0.5,0,0,0,0,0,0,0,11,0,3.5,0
"A71",958,52,80,4,0,0,0,0,0,0,0,13.5,2,1.5,6.5,0,15.5,0,0,0,0,0,0,0,0,0,0,0,0,0,0,0,0,0,0,0,0,0,0,0,0,0,0,0,0,0,0,0,0,0,0,0,0,0,0,5.5,0,4.5,0
"A71",959,82.5,49.5,1,0,0,0,0,0,0,0,9.5,1,1.5,4.5,0,23.5,0,0,0,0,0,0,0,0,0,0,0,0,0,0,0,0,0,0,0,0,0,0,0,0,0,0,0,0,0,0,0,0,0,0,0,0,0,0,0,0,1.5,0
"A71",960,65,67,25.5,0,0,0,0,0,0,0,4,2.5,7.5,2,0,16.5,0,0,0,0,2,0,0,0,0,0,0,0,0,0,0,0,0,0,0,0,0,0,0,0,0,0,0,0,0,0,0,0,0,0,0,0,0,0,4.5,0,0,0
"A302",541,121.5,7,9.5,1,1.5,0,0,0,0,1,6,6.5,0,20.5,0,9,0,0,0,0,0,0,0,0,0,0,0,0,0,0,0,0,0,0,0,0,0,0,0,0,0,0,0,0,0,0,5,0,0,0,0,0,0,0,10,0,3,0
"A302",542,126,4.5,7,1.5,0,0,0,0,0,0,12,2.5,0.5,37.5,0,4.5,0,0,0,0,0,0.5,0,0,0,0,0,0,0,0,0,0,0,0,0,0,0,0,0,0,0,0,0,0,0,0,0.5,0,0,0,0,0,0,0,7,0,1,0
"A302",543,127.5,3.5,0.5,0,0,0,0,0,0,1,17.5,2,0,37,0,5,0,0,0,0,0,2,0,0,0,0,0,0,0,0,0,0,0,0,0,0,0,0,0,0,0,0,0,0,0,0,2.5,0,0,0,0,0,0,0,3.5,0,2,0
"A302",544,112,11.5,1,7.5,1,0,0,0,0,0,4.5,2,0,17,0,7.5,0,0,0,0,0,0,0,0,0,0,0,0,0,0,0,0,0,0,0,0,0,0,0,0,0,0,0,0,0,0,3,0,0,0,0,0,0,0,4,0,0,0
"A302",545,125.5,6,1.5,0,0,0,0,0,0,0.5,12.5,4.5,0,29.5,0,3,0,0,0,0.5,0,0,0,0,0,0,0,0,0,0,0,0,0,0,0,0,0,0,0,0,0,0,0,0,0,0,2.5,0,0,0,0,0,0,0,3.5,0,1,0
"A302",546,123.5,6,0,2.5,0,0,0,0,0,0,16,0.5,0,29.5,0,3.5,0,0,0,0,0,0,0,0,0,0,0,0,0,0,0,0,0,0,0,0,0,0,0,0,0,0,0,0,0,0,0,0,0,0,0,0,0,0,6,0,0,0
"A302",547,122,8,23.5,0,0.5,0,0,0,0,1.5,26.5,4.5,0,6,0,0.5,0,0,0,0.5,0,0.5,0,0,0,0,0,0,0,0,0,0,0,0,0,0,0,0,0,0,0,0,0,0,0,0,0,0,0,0,0,0,0,0,1,0,2,0
"A302",548,127,2.5,8.5,2.5,0,0,0,0,0,0,22,10.5,0,6,0,7.5,0,0,0,0,0.5,0,0,0,0,0,0,0,0,0,0,0,0,0,0,0,0,0,0,0,0,0,0,0,0,0,2,0,0,0,0,0,0,0,1.5,0,1,0
"A302",549,128.5,3.5,1.5,0,0,0,0,0,0,0,17.5,4,0,22.5,0,0,6,0,0,1,0,0,0,0,0,0,0,0,0,0,0,0,0,0,0,0,0,0,0,0,0,0,0,0,0,0,2.5,0,0,0,0,0,0,0,2.5,0,1,0
"A302",550,130.5,0.5,11,1,0,0,0,0,0,0,10.5,8,0,27.5,0,0,0,0,0,0,0,1,0,0,0,0,0,0,0,0,0,0,0,0,0,0,0,0,0,0,0,0,0,0,0,0,0.5,0,0,0,0,0,0,0,1,0,1,0
"A302",551,119.5,12,0,0,0,0,0,0,0,0.5,11,2.5,0,34.5,0,2.5,0,0,0,0.5,1,0,0,0,0,0,0,0,0,0,0,0,0,0,0,0,0,0,0,0,0,0,0,0,0,0,8.5,0,0,0,0,0,0,0,6.5,0,0,0
"A302",552,128.5,2.5,9,1,0,0,0,0,0,0,10.5,4,0,29,0,1,0,0,0,0,0.5,0,0,0,0,0,0,0,0,0,0,0,0,0,0,0,0,0,0,0,0,0,0,0,0,0,2,0,0,0,0,0,0,0,4,0,1,0
"A302",553,128.5,3.5,14.5,0,0,0,0,0,0,0,9.5,2.5,0,11.5,0,1.5,0,0,0,0,0.5,0.5,0,0,0,0.5,0,0,0,0,0,0,0,0,0,0,0,0,0,0,0,0,0,0,0,0,2,0,0,0,0,0,0,0,5,0.5,3.5,0
"A302",554,129,1.5,13.5,0.5,0,0,0,0,0,1,27,15.5,0,14.5,0,0.5,0,0,0,0,0,2,0,0,0,0,0,0,0,0,0,0,0,0,0,0,0,0,0,0,0,0,0,0,0,0,2.5,0,0,0,0,0,0,0,0,0,3,0
"A302",555,127.5,4,9.5,0.5,0,0,0,0,0,0,36.5,11,0,15,0,0.5,1.5,0,0,0.5,0,0,0,0,0,0,0,0,0,0,0,0,0,0,0,0,0,0,0,0,0,0,0,0,0,0,1,0,0,0,0,0,0,0,1,0,2,0
"A302",556,128.5,2,6.5,0,0.5,0,0,0,0,1,35,21,0,8,0,2.5,2,0,0,0.5,0,1,0,0,0,0,0,0,0,0,0,0,0,0,0,0,0,0,0,0,0,0,0,0,0,0,2,0,0,0,0,0,0,0,2.5,0,1.5,0
"A302",557,123.5,7.5,7,0.5,0.5,0,0,0,0,0,14.5,8,0,25.5,0,0.5,0,0,0,0,0,1.5,0,0,0,0,0,0,0,0,0,0,0,0,0,0,0,0,0,0,0,0,0,0,0,0,1,0,0,0,0,0,0,0,1,0,0,0
"A302",558,118,13,7,1,0,0,0,0,0,0,12,2,0,63.5,0,0.5,0,0,0,0,0,0,0,0,0,0,0,0,0,0,0,0,0,0,0,0,0,0,0,0,0,0,0,0,0,0,1.5,0,0,0,0,0,0,0,0.5,0,0.5,0
"A302",559,128.5,3,4,0,0,0,0,0,0,0.5,6.5,2,0,81.5,0,0.5,0,0,0,0,0,0,0,0,0,0,0,0,0,0,0,0,0,0,0,0,0,0,0,0,0,0,0,0,0,0,0,0,0,0,0,0,0,0,2,0,0.5,0
"A302",560,124,6.5,4,0.5,0,0,0,0,0,1,9,2,0,26,0,3,0,0,0,0,0,0.5,0,0,0,0,0,0,0,0,0,0,0,0,0,0,0,0,0,0,0,0,0,0,0,0,0,0,0,0,0,0,0,0,4,0,0,0
"A32",981,114,18,2,0,0,0,0,0,0,0,11.5,0,0,33.5,0,16,0,0,0,0.5,0,0,0,0,0,0,0,0,0,0,0,0,0,0,0,0,0,0.5,0,0,0,0,0,0,0,0,0,0,0,0,0,0,0,0,0.5,0,2.5,0
"A32",982,123,8,0,0,0,0,0,0,0,1,14.5,3,0,37.5,0,10.5,0,0,0,0,0,0,0,0,0,0,0,0,0,0,0,0,0,0,0,0,2.5,0,0,0,0,0,0,0,0,0,0,0,0,0,0,0,0,0,0.5,0,2.5,0
"A32",983,120,11.5,0,0,0,0,0,0,0,0.5,0.5,1,0,42.5,0,2.5,0,0,0,0,1,0,0,0,0,0,0,0,0,0,0,0,0,0,0,0,1.5,0,0,0,0,0,0,0,0,0,0,0,0,0,0,0,0,0,0.5,0,0,0
"A32",984,113.5,18.5,0,0,0,0,0,0,0,0,11,5.5,0,24,0,3.5,0,0,0,0,0,0,0,0,0,0,0,0,0,0,0,0,0,0,0,0,2.5,25,0,0,0,0,0,0,0,0,0,0,0,0,0,0,0,0,2.5,0,0.5,0
"A32",985,108.5,16.5,0.5,0,0,0,0,0,0,7,13.5,1,0,4.5,0,5,0,0,0,0,0.5,0,0,0,0,0,0,0,0,0,0,0,0,0,0,0,0,17.5,0,0,0,0,0,0,0,0,0,0,0,0,0,0,0,0,0.5,0,1,0
"A32",986,63,67.5,0.5,0,1.5,0,0,0,0,0,12.5,4.5,0,53,0,0.5,0,0,0,1.5,2,0,0,0,0,0,0,0,0,0,0,0,0,0,0,0,0,2,0,0,0,0,0,0,0,0,0,0,0,0,0,0,0,0,2,0,2.5,0
"A32",987,71.5,60,0,0,0.5,0,0,0,0,0,18.5,15.5,0,21,0,7,0,0,0,0,1.5,0,2.5,0,0,0,0,0,0,0,0,0,0,0,0,0,0,6,0,0,0,0,0,0,0,0,0,0,0,0,0,0,0,0,3,0,1.5,0
"A32",988,76.5,46,0,0,9.5,0,0,0,0,0,22,6.5,0,29.5,0,10,0,0,0,0,0,0,0,0,0,0,0,0,0,0,0,0,0,0,0,0,0,0.5,0,0,0,0,0,0,0,0,0,0,0,0,0,0,0,0,3.5,0,2,0
"A32",989,85,46,0,0,1,0,0,0,0,0,13,16,0.5,20,0,15.5,0,0,0,0,2,0,0,0,0,0,0,0,0,0,0,0,0,0,0,0,0,0.5,0,0,0,0,0,0,0,0,0,0,0,0,0,0,0,0,5,0,3,0
"A32",990,100.5,28,0,3.5,0,0,0,0,0,0,7.5,6.5,0,51.5,0,16.5,0,0,0,0,0,0,0,0,0,0,0,0,0,0,0,0,0,0,0,0,0,0,0,0,0,0,0,0,0,0,0,0,0,0,0,0,0,0,4,0,6,0
"A32",991,102.5,24,0,5,0.5,0,0,0,0,0,13.5,4.5,0,19.5,0,16,0,0,0,0,1,0,0,0,0,0,0,0,0,0,0,0.5,0,0,0,0,0,0,0,0,0,0,0,0,0,0,0,0,0,0,0,0,0,0,0.5,0,1,0
"A32",992,122,9,4,1,0,0,0,0,0,0,13.5,0.5,0,3,0.5,17.5,0,0,1,0,1.5,0,0,0,0,0,0,0,0,0,0,0,0,0,0,0,0,12,0,0,0,0,0,0,0,0,0,0,0,0,0,0,0,0,0,0,1.5,0
"A32",993,112.5,18.5,1,1,0,0,0,0,0,0,25.5,9,0,25.5,0,11,0,0,0,0.5,0,0,0,0,0,0,0,0,0,0,0,0,0,0,0,0,0,0.5,0,0,0,0,0,0,0,0,0,0,0,0,0,0,0,0,2.5,0,4,0
"A32",994,111,19.5,0,1,0.5,0,0,0,0,0,12,13,0.5,4.5,0,21,0,0,0,0,0.5,0,0,0,0,0,0,0,0,0,0,0,0,0,0,0,0,2,0,0,0,0,0,0,0,0,0,0,0,0,0,0,0,0,3,0,1.5,0
"A32",995,110,19,0,3,0,0,0,0,0,0,31.5,21.5,0.5,14,0,9.5,0,0,0,0.5,1,0,0,0,0,0,0,0,0,0,0,0,0,0,0,0,0,0,0,0,0,0,0,0,0,0,0,0,0,0,0,0,0,0,2,0,3.5,0
"A32",996,75,53.5,0,0,3.5,0,0,0,0,0,12.5,2,0.5,29,0,15,0,0,0,2.5,0,0,0,0,0,0,0,0,0,0,0,0,0,0,0,0,1,0,0,0,0,0,0,0,0,0,0,0,0,0,0,0,0,0,3,0,1.5,0
"A32",997,94,37,0,1,0,0,0,0,0,0,9.5,7,0,43,0,2,0,0,0,0.5,1,0,0,0,0,0,0,0,0,0,0,0,0,0,0,0,2.5,0,0,0,0,0,0,0,0,0,4,0,0,0,0,0,0,0,2.5,0,1.5,0
"A32",998,101,31,0,0,0,0,0,0,0,0,10.5,15,0,29.5,0,22,0,0,0,0,0,0,0,0,0,0,0,0,0,0,0,0,0,0,0,0,0,0,0,0,0,0,0,0,0,0,0,0,0,0,0,0,0,0,3,0,2.5,0
"A32",999,115,17,0,0,0,0,0,0,0,0,19,1,0,61,0,6.5,0,0,0,1,0,0,0,0,0,0,0,0,0,0,0,0,0,0,0,0,0,2,0,0,0,0,0,0,0,0,0,0,0,0,0,0,0,0,5.5,0,3.5,0
"A32",1000,89,42,0,0,1,0,0,0,0,0,17.5,3.5,0,41.5,0,16.5,0,0,0,2,1.5,0,0,0,0,0,0,0,0,0,0,0,0,0,0,0,0,3.5,0,0,0,0,0,0,0,0,0,0,0,0,0,0,0,0,9.5,0,3,0
"E100B-W",841,125.5,6,11.5,0,0.5,0,0,0,0,0,11,2.5,1.5,1.5,0,2,0,0,0,1,0.5,0,1.5,1,0,0,0,0,0,0,0,0,0,0,0,0,0,0,0,0,0,0,0,0,0,24.5,0,0,0,0,0,0,0,0,1,0,6,0
"E100B-W",842,130,1.5,13,0,0.5,0,0,0,0,0,17,9.5,0.5,0,0,1,0,0,0,3.5,0,0,0,4,0,0,0,0,0,0.5,0,0,0,0,0,0,0,4,0,0,0,0,0,0,0,9,0,0,0,0,0,0,0,0,0,0,10.5,0
"E100B-W",843,130,2,8,0,0,0,0,0,2,0,7.5,0,2.5,0.5,0,0.5,0,0,0,2.5,0,0,0,0,0,0,0,0,0,1,0,0,0,0,0,0,2,4.5,0,0,0,0,0,0,0,14,0,0,0,0,0,0,0,0,1,0,10,0
"E100B-W",844,127.5,4.5,20,0,0,0,0,0,0,0,7.5,0,3,2,0,0.5,0,0,0,0,0,0,0,0,0,0,0,0,0,0,0,0,0,0,0,0,0,7,0,0,0,0,0,0,0,0,0,0,0,0,0,0,0,0,3,0,3.5,0
"E100B-W",845,130,2,17,0,0,0,0,0,0,0,24.5,0,1.5,0,0,0.5,0,0,0,0,0,0,0,0,0,0,0,0,0,0,0,0,0,0,0,0,0,0,0,0,0,0,0,0,0,5,0,0,0,0,0,0,0,0,1,0,10,0
"E100B-W",846,116.5,14.5,19,0,1,0,0,0,0,0,16.5,0,0,1.5,0,1,0,0,0,4,0,0,0,0,0,0,0,0,0,0,0,0,0,0,0,0,0.5,0,0,0,0,0,0,0,0,0,0,0,0,0,0,0,0,0,1.5,0,3.5,0
"E100B-W",847,121.5,10.5,20,0,0,0,0,0,1,0,21,2,1.5,0.5,0,1,0,0,0,0,0,0,0,0,0,0,0,0,0,0,0,0,0,0,0,0,1,0,0,0,0,0,0,0,0,0.5,0,0,0,0,0,0,0,0,2.5,0,8,0
"E100B-W",848,123,8,15.5,0,1,0,0,0,0,0,29,5.5,1,1,0,0.5,0,0,0,2,0,0,0,0,0,0,0,0,0,0,0,0,0,0,0,0,0,0,0,0,0,0,0,0,0,2.5,0,0,0,0,0,0,0,0,2.5,0,7.5,0
"E100B-W",849,126,6,5,0,0,0,0,0,0,0,4.5,0,1,2,0,0,0,0,0,1.5,0,0,0,0,0,0,0,0,0,0,0,0,0,0,0,0,6.5,0,0,0,0,0,0,0,0,6.5,0,0,0,0,0,0,0,0,1.5,0,4,0
"E100B-W",850,123.5,7.5,17.5,0,1,0,0,0,0,0,14,3,0,4,0,1,0,0,0,0,0,0,0,0,0,0,0,0,0,0,0,0,0,0,0,0,2.5,0,0,0,0,0,0,0,0,0,0,0,0,0,0,0,0,0,2,0,6,0
"E100B-W",851,125,7,24.5,0,0,0,0,0,0,0,29,4.5,0.5,0,0,0,0,0,0,0,0,0,0,0,0,0,0,0,0,0,0,0,0,0,0,0,0,0,0,0,0,0,0,0,0,0,0,0,0,0,0,0,0,0,2.5,0,7.5,0
"E100B-W",852,129,2,27.5,0,1,0,0,0,0,0,5,0,3,0,0,3,0,0,0,2,0,0,0,0,0,0,0,0,0,4,0,0,0,0,0,0,1,0,0,0,0,0,0,0,0,0,0,0,0,0,0,0,0,0,5,0,1.5,0
"E100B-W",853,132,0,19,0,0,0,0,0,0,0,19,3,4,0,0,2.5,0,0,0,1.5,0,0,0,0,0,0,0,0,0,0,0,0,0,0,0,0,6.5,0,0,0,0,0,0,0,0,0.5,0,0,0,0,0,0,0,0,3.5,0,9,0
"E100B-W",854,132,0,6.5,0,0,0,0,0,0,0,1,0,6.5,26.5,0,0,0,0,0,3,0,0,0,0,0,0,0,0,0,0,0,0,0,0,0,0,5,7.5,0,0,0,0,0,0,0,0,0,0,0.5,0,0,0,0,0,5.5,0,1,0
"E100B-W",855,131.5,0.5,3.5,0,0,0,0,0,0,0,6,1,1.5,36,0,4,0,0,0,2,0,0,0,0,0,0,0,0,0,0,0,0,0,0,0,0,4.5,12.5,0,0,0,0,0,0,0,4,0,0,0,0,0,0,0,0,5.5,0,5.5,0
"E100B-W",856,126,5,16.5,1,0,0,0,0,0,0,3.5,6.5,4,0,0,0,0,0,0,0.5,0,0,0,0,0,0,0,0,0,0,0,0,0,0,0,0,0,4,0,0,0,0,0,0,0,0,0,0,0,0,0,0,0,0,10,0,2,0
"E100B-W",857,126.5,2,11,3,0.5,0,0,0,0,0,6,3.5,5.5,3,0,3,0,0,0,0.5,0,0,1,0,0,0,0,0,0,2,0,0,0,0,0,0,5,8,0,0,0,0,0,0,0,2.5,0,0,0,0,0,0,0,0,3,0,2,0
"E100B-W",858,130,2,12.5,0,0,0,0,0,0,0,4,1,6,1.5,0,0,0,0,0,1,0,0,0,0,0,0,0,0,0,0,0,0,0,0,0,0,11.5,0,0,0,0,0,0,0,0,0,0,0,0,0,0,0,0,0,9.5,0,1.5,0
"E100B-W",859,128,1,23,0,3,0,0,0,0,0,14,1.5,1.5,1,0,1,22,0,0,3.5,0,0,1,0,0,0,0,0,0,0,0,0,0,0,0,0,0,0,0,0,0,0,0,0,0,0,0,0,0,0,0,0,0,0,1,0,3.5,0
"E100B-W",860,123.5,8.5,17,0,0,0,0,0,0,0,4,1,2.5,0,0,4,0,0,0,0,0,0,0,0,0,0,0,0,0,0,0,0,0,0,0,0,3,1,0,0,0,0,0,0,0,0,0,0,0,0,0,0,0,0,3,0,1.5,0
"E508A",901,86,32.5,4,4,0,0,0,0,0,9.5,3,0,1.5,19.5,0,0.5,0,0,0,1,0,0,0,0,6,0,0,0,0,10,0,0,0,0,0,0,0,0,0,0,0,0,0,0,0,0,0,0,0,0,0,0,0,0,0,0,3,0
"E508A",902,88.5,30.5,14.5,3,0,0,0,0,0,10,2.5,8.5,2,8,0,1,0,0,0,2.5,0,0,0,0,3,0,0,0,0,1,0,0,0,0,0,0,0,0,0,0,0,0,0,0,0,0,0,0,0,0,0,0,0,0,0,0,4,0
"E508A",903,96.5,30,14.5,0,0,0,0,0,0.5,5.5,4.5,0,2,15,0,2,0,0,0,2,0,0,0,0,5.5,0,0,0,0,0,0,0,0,0,0,0,0,0,0,0,0,0,0,0,0,0,0,0,0,0,0,0,0,0,0,0,4.5,0
"E508A",904,126,6,1.5,0,0,0,0,0,0,0,0,0,4.5,98,0,0,0,0,0,0,0,0,0,0,9.5,0,0,0,0,0,0,0,0,0,0,0,0,2,0,0,0,0,0,0,0,0,0,0,0,0,0,0,0,0,0,0,0,0
"E508A",905,117,13.5,11,0,0,0,0,0,0,1.5,2.5,1,1,61.5,0,0,0,0,0,0,0,0,0,0,8.5,0,0,0,0,0,0,0,0,0,0,0,0,0,0,0,0,0,0,0,0,0,0,3,0,0,0,0,0,0,0,0,3.5,0
"E508A",906,102,23.5,26.5,0,0,0,0,0,0,6.5,7,2,2,10.5,0,4.5,0,0,0,1,0,0,0,0,4,0,0,0,0,6,0,0,0,0,0,0,0,0,0,0,0,0,0,0,0,0,0,0,0,0,0,0,0,0,0,0,8,0
"E508A",907,94.5,26,24.5,0,0,0,0,0,0,11.5,4.5,1.5,2,12.5,0,7,0,0,0,5.5,0,0,0,0,4,0,0,0,0,0,0,0,0,0,0,0,0,0,0,0,0,0,0,0,0,0,0,0,0,0,0,0,0,0,0,0,7,0
"E508A",908,78.5,28.5,15.5,0,0,0,0,0,1,25,12,3,0,0,0,5,0,0,0,0,0,0,0,0,1,0,0,0,0,0,0,0,0,0,0,0,0,0,0,0,0,0,0,0,0,0,0,0,0,0,0,0,0,0,0,0,14,0
"E508A",909,99.5,13,16.5,0,0,0,0,0,0,19.5,6.5,6.5,1,20,0,1,0,0,0,6.5,0,0,0,0,2.5,0,0,0,0,3,0,0,0,0,0,0,0,0,0,0,0,0,0,0,0,0,0,0,0,0,0,0,0,0,0,0,8,0
"E508A",910,42.5,86.5,30.5,0,0,0,0,0,16,3,11,0,0,0,0,1,0,0,0,1,0,0,0,0,0,0,0,0,0,0,0,0,0,0,0,0,0,0,0,0,0,0,0,0,0,0,0,0,0,0,0,0,0,0,0,0,8.5,0
"E508A",911,49,71.5,20,0,0,0,0,0,3,11.5,19,4.5,0,0,0,1.5,1,0,0,3.5,0,0,0,0,0,2,0.5,0,0,0,0,0,0,0,0,0,0,0,0,0,0,0,0,0,0,0,0,0,0,0,0,0,0,0,0,0,17.5,0
"E508A",912,87.5,31,29,0,0,0,0,0,0,13.5,10,0,0,2,0,4,0,0,0,7.5,0,0,0,0,0,0,0,0,0,0,0,0,0,0,0,0,0,0,0,0,0,0,0,0,0,0,0,0,0,0,0,0,0,0,0,0,14,0
"E508A",913,35.5,94,23,0,0,0,0,0,0,2.5,22.5,0.5,0,0,0,1,3.5,0,0,5,0,0,0,0,0,0,0,0,0,3,0,0,0,0,0,0,0,0,0,0,0,0,0,0,0,0,0,0,0,0,0,0,0,0,0,0,20.5,0
"E508A",914,39,78,19.5,0,0,0,0,0,0,15,2.5,2,1,0,0,1,0,0,0,3,0,0,0,0,0,0,0,0,0,4,0,0,0,0,0,0,0,0,0,0,0,0,0,0,0,0,0,0,0,0,0,0,0,0,0,0,4,0
"E508A",916,106,17,31.5,1,0,0,0,0,0,8,21,7.5,3,1,0,4,0,0,0,1,0,0,0,0,0,0,0,0,0,0,0,0,0,0,0,0,0,0,0,0,0,0,0,0,0,0,0,0,0,0,0,0,0,0,0,0,22.5,0
"E508A",917,106,22,9,1,0,0,0,0,0,3,10,2.5,2,24,0,5,0,0,0,0.5,0,0,0,0,5.5,0,0,0,0,0.5,0,0,0,0,0,0,0,0,0,0,0,0,0,0,0,0,0,0,0,0,0,0,0,0,0,0,10.5,0
"E508A",918,114,14,5.5,0,0,0,0,0,0,4,4.5,0.5,1,35,0,3,0,0,0,0,0,0,0,0,8,0,0,0,0,3.5,0,0,0,0,0,0,0,0,0,0,0,0,0,0,0,0,0,0,0,0,0,0,0,0,0,0,4,0
"E508A",919,75,49,24.5,4,0,0,0,0,0,4,3.5,0.5,0,0.5,0,4,0,0,0,4,0,0,0,0,7,0.5,0,0,0,1,0,0,0,0,0,0,0,0,0,0,0,0,0,0,0,0,0,0,0,0,0,0,0,0,0,0,4,0
"E508A",920,113.5,16,17,0,0,0,0,0,0,2.5,17,1,3.5,26.5,0,2.5,0,0,0,0,0,0,0,0,9,0,0,0,0,0,0,0,0,0,0,0,0,0,0,0,0,0,0,0,0,0,0,0,0,0,0,0,0,0,0,0,17.5,0
"S209",341,130,0,29,1,1,0,0,0,0,0,59.5,28.5,0,4.5,0,0,0,2.5,0,1.5,1,0,0,0,0,0,0,0,0,0,0,0,0,0,0,0,0,0,0,0,0,0,0,0,0,0,2.5,0,0,0,0,0,0,0,0,0,15,0
"S209",342,132,0,18.5,0,0,0,0,0,0,0,34.5,40,0,38.5,0,0,0,0,0,0,0,0,0,2,0,0,0,0,0,0,0,0,0,0,0,0,0,0,0,0,0,0,0,0,0,0,16,0,0,0,0,0,0,0,0,0,17.5,0
"S209",343,132,0,13.5,0,0,0,0,0,0,0,30,22.5,0,9.5,0,0,0,0,0,1.5,0,0,0,1,0,0,0,0,0,0,0,0,0,0,0,0,0,0,0,0,0,0,0,0,0,0,21,0,0,0,0,0,0,0,0,0,10.5,0
"S209",344,131.5,0.5,30.5,0,0,0,0,0,0,0,25,15.5,0,9.5,0,0,0,0.5,0,4,0,0,0,0,0,0,0,0,0,0,0,0,0,0,0,0,0,0,0,0,0,0,0,0,0,0,9,0,0,0,0,0,0,0,0,0,5.5,0
"S209",346,112.5,0,41,0.5,19,0,0,0,0,0,0,1.5,0,6.5,0,0,0,6,0,1,0,0,0,0,0,0,0,0,0,0,0,0,0,0,0,2,0,0,0,0,0,0,0,0,0,0,1,0,0,0,0,0,0,0,0,0,0,0
"S209",347,127,3.5,9,0.5,1,0,0,0,0,0,39.5,10,0,18.5,0,0.5,0,0.5,0,0.5,0,0,0,0,0,0,0,0,0,0,0,0,0,0,0,0,0,0,0,0,0,0,0,0,0,0,5,0,0,0,0,0,0,0,2,0,8.5,0
"S209",348,131.5,0,9.5,0,0.5,0,0,0,0,0,21,8.5,0,29.5,0,0,0,0,0,1.5,0,0,0,0.5,0,0,0,0,0,0,0,0,0,0,0,0,0,0,0,0,0,0,0,0,0,0,17.5,0,0,0,0,0,0,0,5,0,3,0
"S209",349,126.5,0.5,12,4.5,0.5,0,0,0,0,0,10,10,0,24,0,0,0,0,0,2.5,0,0,0,4.5,0,0,0,0,0,0,0,0,0,0,0,0,0,0,0,0,0,0,0,0,0.5,0,7,0,0,0,0,0,0,0,4.5,0,1.5,0
"S209",350,131,0.5,9,0,0.5,0,0,0,0,0,30.5,8,0,36.5,0,0,0,0,0,4.5,0,0,0,1.5,0,0,0,0,0,0,0,0,0,0,0,0,0,0,0,0,0,0,0,0,0,0,10,0,0,0,0,0,0,0,12.5,0,6.5,0
"S209",351,128.5,0.5,11.5,2.5,0.5,0,0,0,0,0,25.5,21.5,0,4,0,0,0,0,0,0,0,0,0,0,0,0,0,0,0,0,0,0,0,0,0,0,0,0,0,0,0,0,0,0,0,0,14,0,0,0,0,0,0,0,2.5,0,7,0
"S209",352,117,2,11.5,13,0,0,0,0,0,0,38.5,22,0,1.5,0,0,0,0,0,1.5,0,0,0,0,0,0,0,0,0,0,0,0,0,0,0,0,0,0,0,0,0,0,0,0,0,0,17.5,0,0,0,0,0,0,0,6,0,11.5,0
"S209",353,127,0.5,5.5,4,0.5,0,0,0,0,0,26,13.5,0,14,0,0,0,0,0,5,0,0,0,1,0,0,0,0,0,0,0,0,0,0,0,0,0,0,0,0,0,0,0,0,0,0,19.5,0,0,0,0,0,0,0,9.5,0,5.5,0
"S209",354,124.5,2.5,3,4,1,0.5,0,0,0,0,34.5,14,0,24,0,0,0,0,0,1.5,0,0,0,0,0,0,0,0,0,0,0,0,0,0,0,0,0,0,0,0,0,0,0,0,0,0,5.5,0,0,0,0,0,0,0,3,0,8,0
"S209",357,128,1.5,12.5,2,0.5,0,0,0,0,0,20.5,15,0,23.5,0,0,0,0,0,2.5,0,0,0,0.5,0,0,0,0,0,0,6,0,0,0,0,0,0,0,0,0,0,0,0,0,0,0,12,0,0,0,0,0,0,0,1,0,6,0
"S209",358,121,1,9,10,0,0,0,0,0,0,45,8.5,0,10.5,0,0.5,0,0.5,0,5,0,0,0,0,0,0,0,0,0,0,1.5,0,0,0,0,0,0,0,0,0,0,0,0,0,0,0,5,0,0,0,0,0,0,0,3,0,6,0
"S209",359,119,9,4,3,1,0,0,0,0,0,37.5,15,0,12.5,0,3.5,0,0,0,0.5,0,0,0,1,0,0,0,0,0,0,0,0,0,0,0,0,0,0,0,0,0,0,0,0,0,0,5.5,0,0,0,0,0,0,0,0.5,0,4.5,0
"S209",360,128.5,2,5.5,1,0.5,0,0,0,0,0,31.5,7,0,34.5,0,0.5,0,0,0,0.5,0,0,0,0.5,0,0,0,0,0,0,1.5,0,0,0,0,0,0,0,0,0,0,0,0,0,0,0,14,0,0,0,0,0,0,0,5,0,8,0
"E403B",801,66,62.5,3,1,0.5,0,0,0,0,2,1,0,7,1.5,0,2.5,0,0,0,0,0,0,0,0,0,0,0,0,0,0.5,0,0,0,0,0,0,0,0,0,0,0,0,0,0,0,0,0,0,0,0,0,0,0,0,0.5,0,0,0
"E403B",802,47.5,82,24,0.5,2,0,0,0,0,0,0,0,17,0,0,1.5,0,0,0,0,0,0,0,0,0,0,0,0,0,0,0,0,0,0,0,0,0,0,0,0,0,0,0,0,0,0,0,0,0,0,0,0,0,0,0,0,0,0
"E403B",803,69.5,59,8,0,3,0,0,0,0,0.5,0,5,1.5,4.5,0,3.5,0,0,0,0,0,0,0,0,0,0,0,0,0,0,0,0,0,0,0,0,0,0,0,0,0,0,0,0,0,0,0,0,0,0,0,0,0,0,0,1,0,0
"E403B",804,110.5,20.5,6,0.5,0,0,0,0,0.5,0.5,0,0.5,2.5,16,0,18.5,0,0,0,0,0,0,0,0,0,0,0,0,0,0,0,0,0,0,0,0,0,11,0,0,0,0,0,0,0,0,0,0,0,0,0,0,0,0,0,4.5,0,0
"E403B",805,128,3,3,0.5,0,0,0,0,0,0.5,17,4,0.5,29.5,0,3.5,0,0,0,0,0,0,0,0,0,0,0,0,0,19,0,0,0,0,0,0,0,9.5,0,0,0,0,0,0,0,0,0,0,0,0,0,0,0,0,0.5,0.5,5.5,0
"E403B",806,125.5,6.5,0.5,0,0,0,0,0,0,0,24,0,11,32.5,0,8,0,0,0,0,0,0,0,0,0,0,0,0,0,11.5,0,0,0,0,0,0,0,9.5,0,0,0,0,0,0,0,0,0,0,0,0,0,0,0,0,0,0,6.5,0
"E403B",807,99.5,28.5,2,2,0,0,0,0,1,2,18.5,0,1.5,2.5,0,2.5,0,0,0,0,0,0,0,0,0,0,0,0,0,1.5,0,0,0,0,0,0,0,3.5,0,0,0,0,0,0,0,0,0,0,0,0,0,0,0,0,0.5,0,4,0
"E403B",808,123,6,2,1.5,0.5,0,0,0,0,1,0,0,6.5,7,0,10,0,0,0,0,0,0,0,0,0,0,0,0,0,0,0,0,0,0,0,0,0,27,0,0,0,0,0,0,0,0,0,0,0,0,0,0,0,0,0.5,4.5,0,0
"E403B",809,105.5,23,6.5,2.5,1,0,0,0,0,0,0,0,14,18.5,0,6,0,0,0,0,0,0,0,0,0,0.5,0,0,0,0,0,0,0,0,0,0,0,3,0,0,0,0,0,0,0,0,0,0,0,0,0,0,0,0,0,2.5,0,0
"E403B",810,115,15.5,2,0,0.5,0,0,0,0,1,37,0,10,0.5,0,1,0,0,0,0,0,0,0,0,0.5,0,0,0,0,0,0,0,0,0,0,0,0,3,0,0,0,0,0,0,0,0,0,0,0,0,0,0,0,0,0,0,1,0
"E403B",811,124,7,4,0,0,0,0,0,0,1,11,0.5,4,5.5,0,1.5,0,0,0,0,0,0,0,0,0,0,0,0,0,0,0,0,0,0,0,0,0,33.5,0,0,0,0,0,0,0,0,0,0,0,0,0,0,0,0,0,0,0.5,0
"E403B",812,124,5,4.5,0,2,0,0,0,0,1,6.5,0,1,37.5,0,3,0,0,0,0,0,0,0,0,0,0,0,0,0,1,0,0,0,0,0,0,0,1,0,0,0,0,0,0,0,0,0,0,0,0,0,0,0,0,0,0,0.5,0
"E403B",813,127,3.5,4,0,0.5,0.5,0,0,0,1,29,0,3.5,8,0,4.5,0,0,0,0,0,0,0,0,0,0,0,0,0,0.5,0,0,0,0,0,0,0,25.5,0,0,0,0,0,0,0,0,0,0,0,0,0,0,0,0,0,12,2,0
"E403B",814,125,6,6,0,0.5,0,0,0,0,0.5,16,0,5,6.5,0,0.5,0,0,0,0,0,0,1.5,0,0,0,0,0,0,3.5,0,0,0,0,0,0,0,6.5,0,0,0,0,0,0,0,0,0,0,0,0,0,0,0,0,0,0,1,0
"E403B",815,60,69,4,0.5,0.5,0,0,0,0,2,10,0,7,3.5,0,4,0,0,0,0,0,0,0,0,0,0,0,0,0,0,0,0,0,0,0,0,0,0,0,0,0,0,0,0,0,0,0,0,0,0,0,0,0,0,0,0,1.5,0
"E403B",816,99.5,30,2.5,0,0,0,0,0,0,2.5,26.5,0,17,0.5,0,1.5,0,0,0,0.5,0,0,0,0,0,0,0,0,0,1.5,0,0,0,0,0,0,0,2,0,0,0,0,0,0,0,0,0,0,0,0,0,0,0,0,0,0.5,3,0
"E403B",817,125.5,3.5,7,0,2,0,0,0,0,1,0,2.5,2,63,0,1.5,0,0,0,0.5,0,0,0,0,0,0,0,0,0,1.5,0,0,0,0,0,0,0,0.5,0,0,0,0,0,0,0,0,0,0,0,0,0,0,0,0,0,0,0,0
"E403B",818,123,5,8.5,2.5,1,0,0,0,0,0.5,10.5,3,0.5,16,0,0,5.5,0,0,1,0,0,0,0,0,0,0,0,0,0.5,0,0,0,0,0,0,0,13.5,0,0,0,0,0,0,0,0,0,0,0,0,0,0,0,0,0,0,3,0
"E403B",819,105.5,26,16.5,0,0.5,0,0,0,0,0,16.5,0,1,0,0,0,0,0,0,0,0,0,0,0,0,0,0,0,0,4,0,0,0,0,0,0,0,0,0,0,0,0,0,0,0,0,0,0,0,0,0,0,0,0,0,0,2.5,0
"E403B",820,80.5,45.5,20,0.5,1,0,0,0,0,4.5,0,0,3,0,0,0,0,0,0,0,0,0,0,0,0,0,0,0,0,0,0,0,0,0,0,0,0,0,0,0,0,0,0,0,0,0,0,0,0,0,0,0,0,0,1,0,0,0
"S411",921,103.5,14.5,19,0,13.5,0,0,0,0,0.5,0,3.5,0.5,2,1,2,0,0,0,1,0,0,0,0,0,0,0,0,0,0,0,0,0,0,0,0,0,0,0,0,0,0,0,0,0,0,0,0,0,0,0,0,0,0,0,0,0,0
"S411",922,113,17.5,3,0,0,0,0,0,0,1.5,7,10.5,0.5,13,0,1,0,0,0,0.5,2,0,0,0,0,0,0,0,0,0,0,0,0,0,0,0,0.5,2.5,0,0,0,0,1,0,0,0,0,0,0,0,0,0,0,0,2.5,0,1,0
"S411",923,120,11,2.5,1,0,0,0,0,0,0,0,6,0,39,0,1,0,0,0,3.5,0.5,0,0,0,0,0,0,0,0,0,0,0,0,0,0,0,0,6,0,0,0,0,0,0,0,0,0,0,0,0,0,0,0,0,3.5,0,0,0
"S411",924,107.5,10,22,1,12,0,0,0,0,1.5,15,9.5,0,4,0,1,3,0,0,0.5,0,0.5,0,0,0,0,0,0,0,0,0,0,0,0,0,0,1,9.5,0,0,0,0,0,0,0,0,0,0,0,0,0,0,0,0,4.5,0,0,0
"S411",925,120.5,9,0,0,0,0,0,0,0,2.5,9,0,0.5,2,0,2,0,0,0,0,0,0,0,0,0,0,0,0,0,0,0,0,0,0,0,0,8,4,0,0,0,0,0,0,0,0,0,0,0,0,0,0,0,0,4,0,1,0
"S411",926,111,12.5,0.5,4.5,3,0,0,0,0,1,18.5,1.5,0,7,1.5,0,0,0,0,1,1.5,0,0,0,0,0,0,0,0,0,0,0,0,0,0,0,0,9,0,0,0,0,2,0,0,0,0,0,0,0,0,0,0,0,3,0,0.5,0
"S411",927,92.5,24.5,4.5,0,13,0,0,0,0,2,0,4.5,0.5,9.5,0.5,2.5,0,0,0,1.5,0.5,0,0,0,0,0,0,0,0,0,0,0,0,0,0,0,0,7,0,0.5,0,0,0,0,0,0,0,0,0,0,0,0,0,0,0,0,0,0
"S411",928,117,9,3.5,4.5,0.5,0,0,0,0,1,0,2.5,0,30.5,0,2,0,0,0,0.5,0.5,0,0,0,0,0,0,0,0,0,0,0,0,0,0,0,0,6.5,0,0,0,0,0,0,0,0,0,0,0,0,0,0,0,0,3.5,0,0,0
"S411",929,122,9,0,0,0,0,0,0,0,1,0,13,0,45,0,0,0,0,0,0,1,0,0,0,0,0,0,0,0,0,0,0,0,0,0,0,0,9.5,0,0,0,0,0,0,0,0,0,0,0,0,0,0,0,0,0,0,0,0
"S411",930,95,24.5,6.5,1.5,11,0,0,0,0,0,0,7,0,16.5,0,4.5,0,0,0,0,0,0,1.5,0,0,0,0,0,0,0,0,0,0,0,0,0,0,0,0,0,0,0,0,0,0,0,0,0,0,0,0,0,0,0,0,0,0,0
"S411",931,87.5,39.5,0,0,4.5,0,0,0,0,0.5,24,1,0,5.5,0,2.5,0,0,0,0,0,0,0,0,0,0,0,0,0,0,0,0,0,0,0,0,0,2,0,0,0,0,0,0,0,0,0,0,0,0,0,0,0,0,0,0,0,0
"S411",932,110.5,10,1.5,0,5,0,0,0,0,6.5,8.5,7.5,0,12.5,0,1,0,0,0,0,2.5,0,0,0,0,0,0,0,0,0,0,0,0,0,0,0,0,3,0,0,0,0,0,0,0,0,0,0,0,0,0,0,0,0,6,0,2.5,0
"S411",933,125,6.5,4.5,0,0,0,0,0,0,0.5,0,1.5,0,58,0.5,0.5,0,0,0,0.5,0,0,0,0,0,0,0,0,0,0,0,0,0,0,0,0,0,6.5,0,0,0,0,0,0,0,0,0,0,0,0,0,0,0,0,5,0,0,0
"S411",934,112.5,9.5,0,10,0,0,0,0,0,0,0,2,0,40,1,2,0,0,0,1,0,0,0,0,0,0,0,0,0,0,0,0,0,0,0,0,0,0.5,0,0,0,0,0,0,0,0,0,0,0,0,0,0,0,0,4,0,0,0
"S411",935,98.5,20.5,3,0,12,0,0,0,0,1,22,3.5,0,14.5,0,1.5,0,0,0,0.5,2,0,0,0,0,0,0,0,0,0,0,0,0,0,0,0,0,5.5,0,0,0,0,0,0,0,0,0,0,0,0,0,0,0,0,2,0,1,0
"S411",936,101.5,22.5,0,0,6.5,0,0,0,0,1.5,0,5.5,0.5,18.5,0,5,0,0,0,0,2,0,0,0,0,0,0,0,0,0,0,0,0,0,0,0,1,1,0,0,0,0,0,0,0,0,0,0,0,0,0,0,0,0,0,0,0,0
"S411",937,110.5,19.5,2,1.5,0,0,0,0,0,0.5,6.5,0,0,52,0,0.5,0,0,0,0,0,0,0,0,0,0,0,0,0,0,0,0,0,0,0,0,0,4,0,0,0,0,0,0,0,0,0,0,0,0,0,0,0,0,0,0,0.5,0
"S411",938,85,34.5,18,0,12.5,0,0,0,0,0,15.5,3,0,4,0,0.5,0,0,0,0,0,0,0,0,0,0,0,0,0,0,0,0,0,0,0,0,0,0,0,0,0,0,0,0,0,0,0,0,0,0,0,0,0,0,0,0,2,0
"S411",939,94,34,10,0,4,0,0,0,0,0,0,4.5,0,11,0.5,1,0,0,0,1,0,1,0,0,0,0,0,0,0,0,0,0,0,0,0,0,0,12,0,0,0,0,1,0,0,0,0,0,0,0,0,0,0,0,2.5,0,0,0
"S411",940,104.5,20.5,1.5,5.5,1,0,0,0,0,0.5,0,0.5,0,5.5,0,1.5,0,0,0,1.5,0,0,0,0,0,0,0,0,0,0,0,0,0,0,0,0,0,30.5,0,0.5,0,0,0,0,0,0,0,0,0,0,0,0,0,0,2,0,0,0
"E503-S4",861,95.5,36.5,16,0,0,0,0,0,0,0,12.5,0,4.5,26,0,0.5,0,0,0,0.5,0,0,0,0,0,0,0,0,0,0,0,0,0,0,0,0,0,3.5,0,0,0,0,0,0,0,0,0,0,0,0,0,0,0,0,0,2,10,0
"E503-S4",862,112,19.5,2.5,0,0,0,0,0,0,0.5,49,0,0.5,5.5,0,1.5,0,0,0,0,0,0,0,0,0,0,0,0,0,0,0,0,0,0,0,0,0,0,0,0.5,0,0,0,0,0,0,0,0,0,0,0,0,0,0,0,0.5,16.5,0
"E503-S4",863,105,27,1,0,0,0,0,0,0,0,0,0,1,39.5,0,0,0,0,0,0,0,0,0.5,0,0,0,0,0,0,0,0,0,0,0,0,0,0,9,0,0,0,0,0,0,0,0,0,0,0,0,0,0,0,0,0,0,0,0
"E503-S4",864,117,14,6.5,0.5,0.5,0,0,0,0,0,18,0,0,7,0,1.5,0,0,0,0,0,0,0,0,0,0,0,0,0,0,0,0,0,0,0,0,0,14,0,0,0,0,0,0,0,0,0,0,0,0,0,0,0,0,0.5,0,10,0
"E503-S4",865,119.5,12.5,0,0,0,0,0,0,0,0,39.5,1.5,1,27.5,0,0.5,0,0,0,0,0,0,0,0,0,0,0,0,0,0,0,0,0,0,0,0,0,2.5,0,0,0,0,0,0,0,0,0,0,0,0,0,0,0,0,0.5,0,29,0
"E503-S4",866,117,14,4,0.5,0.5,0,0,0,0,0,52.5,0,0,4.5,0,0,0,0,0,0,0,0,0,0,0,0,0,0,0,0,0,0,0,0,0,0,0,0,0,0,0,0,0,0,0,0,0,0,0,0,0,0,0,0,0,0,25.5,0
"E503-S4",867,104,26,7,1.5,0.5,0,0,0,0,0,22.5,0,1,18,0,0.5,0,0,1.5,0,0,0,0,0,0,0,0,0,0,0,0,0,0,0,0,0,0,0,0,0,0,0,0,0,0,0,0,0,0,0,0,0,0,0,0,0,19,0
"E503-S4",868,115,17,0,0,0,0,0,0,0,0,7,0,0.5,24.5,0,0.5,0,0,0,0,0,0,0,0,0,0,0,0,0,0,0,0,0,0,0,0,0,0,0,0,0,0,0,0,0.5,0,0,0,0,0,0,0,0,0,0.5,0.5,3,0
"E503-S4",869,107.5,22,5,0.5,2,0,0,0,0,0,33,0,0.5,3,0,0.5,0,0,0,0,0,0,0,0,0,0,0,0,0,0,0,0,0,0,0,0,0,41.5,0,0,0,0,0,0,0,0,0,0,0,0,0,0,0,0,0,0,24.5,0
"E503-S4",870,109.5,21.5,4.5,1,0,0,0,0,0,0,7,0,1.5,4,0,0.5,0,0,0,0,0,0,0,0,0,0,0,0,0,0,0,0,0,0,0,0,0,38,0,0,0,0,0,0,0,0,0,0,0,0,0,0,0,0,0,0,3.5,0
"E503-S4",871,108,24,9.5,0,0,0,0,0,0,0,8,0,0,11,0,0,0,0,0,0,0,0,0,0,3,0,0,0,0,0,0,0,0,0,0,0,0,11.5,0,0,0,0,0,0,0,0,0,0,0,0,0,0,0,0,0,0,3.5,0
"E503-S4",872,99,33,32,0,0,0,0,0,0,0,13.5,0,0.5,16.5,0,0,0,0,0,0,0,0,0,1,0,0,0,0,0,0,0,0,0,0,0,0,0,0,0,0,0,0,0,0,0,0,0,0,0,0,0,0,0,0,0,0,7,0
"E503-S4",873,110,20,29.5,0.5,1.5,0,0,0,2,0,4.5,0,1,0,0,0,0,0,0,0,0,0,0,0,0.5,0,0,0,0,0,0,0,0,0,0,0,0,0,0,0,0,0,0,0,0,0,0,0,0,0,0,0,0,0,0,0,4,0
"E503-S4",874,79.5,49,61.5,1,1.5,0,0,0,0,1,17.5,0,0,0,0,0,0,0,0,0,0,0,0,0,0,1,0,0,0,0,0,0,0,0,0,0,0,0,0,0,0,0,0,0,0,0,0,0,0,0,0,0,0,0,0,0,11,0
"E503-S4",875,113.5,18.5,31.5,0,0,0,0,0,7.5,0,13.5,0,0,0,0,0,3.5,0,0,0.5,0,0,0,0,1.5,2,0,0,0,0,0,0,0,0,0,0,0,0,0,0,0,0,0,0,0,0,0,0,0,0,0,0,0,0,0,0,12,0
"E503-S4",876,117.5,10.5,54.5,0,3.5,0,0,0,0,0.5,21.5,0,0.5,0,0,0,0,0,0,0,0,0,0,0,0.5,3.5,0,0,0,0,0,0,0,0,0,0,0,0,0,0,0,0,0,0,0,0,0,0,0,0,0,0,0,0,0,0,19,0
"E503-S4",877,122.5,9.5,23,0,0,0,0,0,1.5,0,17,0.5,0.5,0,0,0,0,0,0,0,0,0,0,0.5,0,0,0,0,0,0,0,0,0,0,0,0,0,0,0,0,0,0,0,0,0,0,0,0,0,0,0,0,0,0,0,0,11.5,0
"E503-S4",878,122,9.5,44,0,0,0,0,0,3,0.5,0,5.5,0.5,7.5,0,0,0,0,0,0,0,0,0,0,0.5,2.5,0,0,0,0,0,0,0,0,0,0,0,0,0,0,0,0,0,0,0,0,0,0,0,0,0,0,0,0,0,0,0.5,0
"E503-S4",879,127,5,36,0,0,0,0,0,0,0,2.5,3.5,0,0,0,0,0,0,0,0,0,0,0,0,1,1,0,0,0,0,0,0,0,0,0,0,0,0,0,0,0,0,0,0,0,0,0,0,0,0,0,0,0,0,0,0,2,0
"E503-S4",880,129,2,30.5,1,0,0,0,0,2,0,2,3.5,0.5,4.5,0,0,0,0,0,0,0,0,0,0,0,0,0,0,0,0,0,0,0,0,0,0,0,0,0,0,0,0,0,0,0,0,0,0,0,0,0,0,0,0,0,0,0.5,0
"E507B-S4",21,117.5,4.5,5.5,5.5,0.5,0,0,0,0,4,9.5,0,0,49.5,0,1,0,0,0,0,0,0,0,0,0,0,0,0,0,0,0,0,0,0,0,0,0,0,0,0,0,0,0,0,0,0,0,0,0,0,0,0,0,0,0,0,3,0
"E507B-S4",22,102,3,1,24,0,0,0,0,0,3,12.5,0,0,27.5,0,0.5,0,0,0,0,0.5,0,0,0,0,0,0,0,0,0,0,0,0,0,0,0,0,0,0,0,0,0,0,0,0,0,0,0.5,0,0,0,0,0,0,0,0,1.5,0
"E507B-S4",23,89.5,7,7.5,34,0,0,0,0,0,1.5,22.5,0,0.5,34,0,0.5,0,0,0,0,0,0,0,0,1,0,0,0,0,0,0,0,0,0,0,0,0,0,0,0,0,0,0,0,0,0,0,0,0,0,0,0,0,0,0.5,0,7,0
"E507B-S4",24,120.5,9.5,0,2,0,0,0,0,0,0,33,0.5,0.5,72.5,0,0,0,0,0,0,0,0,0,0,1,0,0,0,0,0,0,0,0,0,0,0,0,0,0,0,0,0,0,0,0,0,0,0,0,0,0,0,0,0,0,0,7.5,0
"E507B-S4",25,122,4.5,0,3.5,0,0,0,0,0,2,15.5,0,1.5,36,0,0,0,0,0,0.5,0,0,0,0,0,0,0,0,0,0,0,0,0,0,0,0,3.5,0,0,0,0,0,0,0,0,0,0,0,0,0,0,0,0,0,0,0,4,0
"E507B-S4",26,123,1.5,5.5,1,0.5,0,0,0,0,6,3.5,0,0.5,51.5,0,0,0,0,0,0,0,0,0,0,0,0,0,0,0,0,0,0,0,0,0,0,3.5,0,0,0,0,0,0,0,0,0,0,0,0,0,0,0,0,0,0,0,0,0
"E507B-S4",27,124,2.5,0,4.5,0,0,0,0,0,1,10.5,0.5,0.5,68.5,0,0.5,0,0,0,0,0,0,0,0,0,0,0,0,0,0,0,0,0,0,0,0,0,0,0,0,0,0,0,0,0,0,0,0,0,0,0,0,0,0,0,0,3.5,0
"E507B-S4",28,109,16,14,3,0,0,0,0,0,4,0,0,0,46,0,0.5,0,0,0,0,0,0,0,0,0,0,0,0,0,0,0,0,0,0,0,0,0,0,0,0,0,0,0,0,0,0,0,0,0,0,0,0,0,0,0.5,0,0.5,0
"E507B-S4",29,115,5,9.5,9,0,0,0,0,0,3,15,0,0,45,0,1,0,0,0,0,0,0,0,0,1.5,0,0,0,0,0,0,0,0,0,0,0,0,0.5,0,0,0,0,0,0,0,0,0,0,0,0,0,0,0,0,0,0,1,0
"E507B-S4",30,115,10.5,6.5,2.5,0,0,0,0,0,4,17.5,0,0,70,0,0,0,0,0,0,0,0,0,0,0,0,0,0,0,0,0,0,0,0,0,0,0,0,0,0,0,0,0,0,0,0,0,0,0,0,0,0,0,0,0,0,1,0
"E507B-S4",31,105.5,15,23.5,0,11.5,0,0,0,0,0,2,4,0,7.5,0,3,0,0,0,4.5,0,4.5,0,0,0,1,0,0,0,0,0,0,0,0,0,0,0,1.5,0,0,0,0,0,0,0,0,0,0,0,0,0,0,0,0,0,0,0.5,0
"E507B-S4",32,117,4,1.5,11,0,0,0,0,0,0,23.5,0,0.5,53.5,0,2,0,0,0,0,0,0,0,0,0,0,0,0,0,0,0,0,0,0,0,0,0,4,0,0,0,0,0,0,0,0,0,0,0,0,0,0,0,0,0,0,3,0
"E507B-S4",33,91,32,5.5,1,8,0,0,0,0,0,18,1.5,0,9.5,0,0,0,0,0,0.5,0,0,0,0,0,0,0,0,0,0,0,0,0,0,0,0,0,7.5,0,0,0,0,0,0,0,0,0,0,0,0,0,0,0,0,0,0,2.5,0
"E507B-S4",34,110,14,6.5,7,1,0,0,0,0,0,17,0,1.5,33.5,0,4.5,0,0,0,0,0,0,0,0,0,0,0,0,0,2,0,0,0,0,0,0,0,0,0,0,0,0,0,0,0,0,0,0,0,0,0,0,0,0,0.5,0,1.5,0
"E507B-S4",35,88,16,2,28,0,0,0,0,0,0,26,0,0.5,30.5,0,16,0,0,0,0,0,0,0,0,0,0,0,0,0,0,0,0,0,0,0,0,0,0,0,0,0,0,0,0,0,0,0,0,0,0,0,0,0,0,0,0,0.5,0
"E507B-S4",36,113.5,11.5,10.5,5.5,0,0,0,0,0,1.5,7,0,0.5,43,0,6,0,0,0,0,0,0,0,0,2,0,0,0,0,0,0,0,0,0,0,0,0,0,0,0,0,0,0,0,0,0,0,0,0,0,0,0,0,0,1,0,0,0
"E507B-S4",37,113.5,11,0.5,5.5,0,0,0,0,0,2,11.5,0,0,37.6,0,0.5,0,0,0,0,0,0,0,0,0,0,0,0,0,2,0,0,0,0,0,0,0,0,0,0,0,0,0,0,0,0,0,0,0,0,0,0,0,0,0,0,0.5,0
"E507B-S4",38,125.5,1,3.5,5,0,0,0,0,0,0.5,0,0,0.5,87.5,0,0,0,0,0,0,0,0,0,0,6,0.5,0,0,0,0,0,0,0,0,0,0,0,0,0,0,0,0,0,0,0,0,0,0,0,0,0,0,0,0,0,0,0,0
"E507B-S4",39,118.5,5,2,6,0,0,0,0,0,2.5,11,0,1,78,0,1,0,0,0,0,0,0,0,0,0,0,0,0,0,0,0,0,0,0,0,0,0,0,0,0,0,0,0,0,0,0,0,0,0,0,0,0,0,0,0,0,1,0
"E507B-S4",40,103.5,11.5,0,15.5,0,0,0,0,0,1.5,18,0,0.5,59.5,0,1,0,0,0,0,0,0,0,0,0.5,0,0,0,0,0,0,0,0,0,0,0,0,0,0,0,0,0,0,0,0,0,0,0.5,0,0,0,0,0,0,0,0,14,0
"A314",961,126,3.5,3.5,2.5,0,0,0,0,0,0,25.5,3.5,0,47,0,0,0,0,0,0.5,0,0.5,0,0,0,0,0,0,0,0,0,0,0,0,0,0,0,0,0,0,0,0,0,0,0,0,7.5,0,0,0,0,0,0,0,2.5,0,6,0
"A314",962,122.5,7,13,0.5,1.5,0,0,0,0,0.5,29,8.5,0,36.5,0,1.5,0,0,0,0,0,0,0,0,0,0,0,0,0,0,0,0,0,0,0,0,0,0,0,0,0,0,0,0,0,4.5,8,0,0,0,0,0,0,0,2,0,6.5,0
"A314",963,127,2,5.5,3,0,0,0,0,0,0,12.5,16,0,14,0,0.5,0,0,0,1,0,1.5,0,0,0,0,0,0,0,0,0,0,0,0,0,0,0,0,0,0,0,0,0,0,0,17,9,0,0,0,0,0,0,0,1,0,3.5,0
"A314",964,118.5,3,5.5,10.5,0,0,0,0,0,0,22.5,7.5,1,32,0,1,0,0,0,2.5,0,2,0,0,0,0,0,0,0,0,0,0,0,0,0,0,0,0,0,0,0,0,0,0,0,18.5,10.5,0,0,0,0,0,0,0,5.5,0,4.5,0
"A314",965,122.5,5,3,3,1.5,0,0,0,0,0,16.5,8,0,13.5,0,0,0,0,0,1,6,0.5,0,0,0,0,0,0,0,0,0,0,0,0,0,0,0,1,0,0,0,0,0,0,0,0.5,22,0,0,0,0,0,0,0,0.5,0,1.5,0
"A314",966,126.5,3,2.5,2,0.5,0,0,0,0,0,13.5,10,0,29.5,0,0.5,0,0,0,0.5,2,0,0,0,0,0,0,0,0,0,0,0.5,0,0,0,0,0,0,0,0,0,0,0,0,0,10.5,29.5,0,0,0,0,0,0,0,2.5,0,1.5,0
"A314",967,128.5,1,2.5,2.5,0,0,0,0,0,0,25,7.5,0,23.5,0,0,0,0,0,0,5,0.5,0,0,0,0,0,0,0,0,0,0,0,0,0,0,0,0.5,0,0,0,0,0,0,0,6.5,11.5,0,0,0,0,0,0,0,0,0,7.5,0
"A314",968,123.5,4.5,5,3,0.5,0,0,0,0,0.5,28,7,0,45.5,0,0.5,0,0,0,0,1.5,1.5,0,0,0,0,0,0,0,0,0,0,0,0,0,0,0,0.5,0,0,0,0,0,0,0,0,0,0,0,0,0,0,0,0,3,0,5,0
"A314",969,130.5,0.5,5.5,1,0,0,0,0,0,0,16.5,4.5,0,20.5,0,0,0,0,0,0,6.5,4,0,0,0,0,0,0,0,0,0,0,0,0,0,0,0,0,0,0,0,0,0,0,0,15.5,9.5,0,0,0,0,0,0,0,2,0,4.5,0
"A314",970,109.5,3.5,0,18.5,0,0,0,0,0,0.5,12,0.5,0,51,0,0.5,0,0,0,0,0,0,0,0,0,0,0,0,0,0,0,0,0,0,0,0,0.5,0,0,0,0,0,0,0,0,0,4.5,0,0,0,0,0,0,0,0,0,3,0
"A314",971,117.5,2,7.5,12,0,0,0,0,0,0.5,22,4.5,0,39.5,0,0,0,0,0,0,0.5,0.5,0,0,0,0,0,0,0,0,0,0,0,0,0,0,0,0,0,0,0,0,0,0,0,6,3.5,0,0,0,0,0,0,0,0,0,4,0
"A314",972,121.5,1.5,5,8,1,0,0,0,0,0,8,6.5,0,35,0,0,0,0,0,0,2,0.5,0,0,0,0,0,0,0,0,0,0,0,0,0,0,0,0,0,0,0,0,0,0,0,10.5,18,0,0,0,0,0,0,0,0.5,0,1,0
"A314",973,111,0.5,4,20.5,0,0,0,0,0,0,17.5,5.5,0,14,0,0,0,0,0,0,0,0,0,0,0,0,0,0,0,0,0,0.5,0,0,0,0,0,0,0,0,0,0,0,0,0,26,7.5,0,0,0,0,0,0,0,0,0,3.5,0
"A314",974,120,1.5,13,7,3.5,0,0,0,0,0,38.5,8.5,0.5,13.5,0.5,0,0,0,0,0,0,0.5,0,0,0,0,0,0,0,0,0,8.5,0,0,0,0,0,0,0,0,0,0,0,0,0,20,11,0,0,0,0,0,0,0,2,0,5,0
"A314",975,111.5,7,4.5,13.5,0,0,0,0,0,0,8.5,9,0,57,0,0.5,0,0,0,1,3,0.5,0,0,0,0,0,0,0,0,0,0.5,0,0,0,0,0,0,0,0,0,0,0,0,0,0,17,0,0,0,0,0,0,0,1,0,3,0
"A314",976,120.5,7.5,6,4,0,0,0,0,0,0,17.5,6.5,0,30.5,0,1,0,0,0,1,4,0,0,0,0,0,0,0,0,0,0,0,0,0,0,0,0,19.5,0,0,0,0,0,0,0,0.5,14,0,0,0,0,0,0,0,3,0,2,0
"A314",977,115.5,5,4,11.5,0,0,0,0,0,0,12,2,1,36.5,0,1.5,0,0,0,0,1,0,0,0,0,0,0,0,0,0,0,0,0,0,0,0,0,0,0,0,0,0,0,0,0,15.5,12,0,0,0,0,0,0,0,1,0,3.5,0
"A314",978,100,2,3.5,29.5,0.5,0,0,0,0,0,7.5,3,0.5,5.5,0,0,5.5,0,0,0.5,0,0,0,0,0,0,0,0,0,0,0,0,0,0,0,0,0,0,0,0,0,0,0,0,0,18.5,0,0,0,0,0,0,0,0,3,0,2.5,0
"A314",979,119,1,4,12,0,0,0,0,0,0,13,3,0.5,16,0,0.5,12,0,0,0.5,1.5,0,0,0,0,0,0,0,0,0,0,0,0,0,0,0,0,0,0,0,0,0,0,0,0,14,0,0,0,0,0,0,0,0,0,0,0.5,0
"A314",980,129.5,2,0.5,0.5,0,0,0,0,0,0,11,0.5,0,7,0,0,18,0,0,1,0,0,0,0,0,0,0,0,0,0,0,0,0,0,0,0,1,0,0,0,0,0,0,0,0,25.5,0,0,0,0,0,0,0,0,0,0,3,0
