"siteName","PlotNo","Serenoa","Aristida","Andropogon","Yucca","Vitus","Gelsemium","Smilax","Licania","Kalmia","Gaylussacia","Vaccinium","Hypericum","Myrica","Conradina","Calamintha","Quercus","Aronia","Ilex","Garberia","Rubus","Toxicodendron","Asimina","Callicarpa","Lyonia","Clethra","Rhus","Bejaria","Cyrilla","Chionanthus","Diospyros","Cornus","Symplocos","Magnolia","Acer","Liquidamber","Pinus"
"E100B-E",141,0,8.5,21,0,0,0,1.09868421052632,0,0,0,3,0,0,0,0,6,0,16.5,0,2,0,0,0,0,0,0,0,0,0,0,0,0,0,0,0,0
"E100B-E",142,1,39.5,16.5,0,0,5.49342105263158,4.39473684210526,0,0,0.5,0,0,0,0,0,4.5,0,46.5,0,0,0,0,0,0,0,0,0,0,0,0,0,0,0,0,0,0
"E100B-E",143,4,3.5,9,0,0,1.09868421052632,1.09868421052632,0,0,0,0.5,0,0,0,0,6,0,36.5,0,0,0,0,0,0,0,0,0,0,0,0,0,0,5,0,0,0
"E100B-E",144,0,11,1.5,0,0,9.88815789473684,4.39473684210526,0,0,0,7,0,0,0,0,10.5,0,29,0,0,0,0,0,0,0,0,0,0,0,0,0,4.5,0,0,0,0
"E100B-E",145,4,0,3.5,0,0,4.39473684210526,2.19736842105263,0,0,0,3.5,0,0,0,0,4.5,0,17,0,2,0,0,0,0,0,0,0,0,0,0,0,12.5,1,0,0,0
"E100B-E",146,6,1,2,0,7.69078947368421,1.09868421052632,2.19736842105263,0,0,0,1.5,0,0,0,0,6,0,15.5,0,0.5,0,0,0,0,0,0,0,0,0,0,0,0,1,0,0,0
"E100B-E",147,1.5,2,2.5,0,4.39473684210526,0,0,0,0,1.5,0.5,0,0,0,0,10.5,0,17,0,0,0,0,0,0,0,0,0,0,0,0,0,3.5,3.5,0,0,0.5
"E100B-E",148,0,10.5,16.5,0,0,3.29605263157895,0,0,0,0,2.5,0,0,0,0,2.5,0,22,0,0,0,0,0,0,0,0,0,0,0,0,0,0.5,0.5,0,0,0
"E100B-E",149,8.5,4,9,0,0,0,4.39473684210526,0,0,0.5,2,0,0,0,0,5,0,31.5,0,0,0,0,0,0,0,0,0,0,0,0,0,0,1,0,0,0
"E100B-E",150,1,0.5,8,0,0,0,1.09868421052632,0,0,0.5,7.5,2,0,0,0,22.5,0,31,0,0,0,0,0,0,0,2.5,0.5,0,0,0,0,1,1,0,0,0
"E100B-E",151,0.5,1,0.5,0,0,0,5.49342105263158,0,0,0,6.5,0,0,0,0,40,0,8.5,0,0,0,0,0,0,0,0,0,0,0,0,0,0,0.5,0,0,0
"E100B-E",152,5.5,1,0.5,0,0,1.09868421052632,1.09868421052632,0,0,3,3,0,0,0,0,23.5,0,15.5,0,0,0,0,0,0,0,0,0,0,0,0,0,0,0,0,0,0
"E100B-E",153,2,0.5,15,0,0,0,0,0,0,0,0,0,0,0,0,1.5,0,21.5,0,1,0,0,0,0,0,0,0,0,0,0,0,1.5,1,0,1.5,1
"E100B-E",154,3,2.5,0.5,0,0,0,0,0,0,2,7,0,0,0,0,8,0,13,0,0,0,0,0,0,0,0,0,0,0,0,0,2,2.5,0,0,0
"E100B-E",155,4.5,9.5,2,0,2.19736842105263,1.09868421052632,1.09868421052632,0,0,0,2.5,0,0,0,0,4,0,21,0,0,0,0,0,0,0,0,0,0,0,0,0,4,0,0,0,0
"E100B-E",156,0.5,0,0,0,0,1.09868421052632,0,0,0,0,2,0,0,0,0,0,0,43,0,0,0,0,0,0,0,0,0,0,0,0,0,10,1.5,0,0,0
"E100B-E",157,4.5,1,0,0,0,0,4.39473684210526,0,0,0,0.5,0,0,0,0,0,0,39.5,0,0,0,0,0,0,0,0,0,0,0,0,0,2,2,0,0,0
"E100B-E",158,0.5,1.5,1.5,0,0,0,2.19736842105263,0,0,0,3.5,0,0,0,0,20,0,20.5,0,0,0,0,0,0,0,0,0,0,0,0,0,8,3,0,0,1
"E100B-E",159,11,3,2,0,0,0,2.19736842105263,0,0,0.5,2,1,0,0,0,34,0,5,0,0,0,0,0,0,0,1,0,0,0,0,0,2,0,0,0,0
"E100B-E",160,4.5,1.5,0.5,0,0,0,3.29605263157895,0,0,2,0,0,0,0,0,29,0,15.5,0,0,0,0,0,0,0,0,0,0,0,0,0,2.5,0,0,0,0
"E807B",501,12.5,1,10.5,0,0,0,1.25,0,0,0,12.5,0,0,0,0,0,0,54,0,0,0,0,0,0,0,0.5,0,0,0,0,0,0,2,0,0,0
"E807B",502,0,0,21,0,0,0,0,0,0,0,24.5,0,0,0,0,0,0,21,0,0,0,0,0,0,0,0,0,0,0,0,0,0,8.5,0,0,0
"E807B",503,0,3.5,18,0,0,0,7.5,0,0,0,10.5,0,0,0,0,0,0,35.5,0,0,0,0,0,0,0,0,0,0,0,0,0,0,7,0,0,0
"E807B",504,0,10,10.5,0,0,0,2.5,0,0,0,0,0,0,0,0,0,0,39.5,0,0,0,0,0,0,0,0,0,0,0,0,0,0,1,0,0,0
"E807B",505,13,0,5,0,0,0,0,0,0,0,21.5,0,0,0,0,34,0,10,0,0,0,0,0,0,0,0,0,0,0,0,0,0,0,0,0,0
"E807B",506,24.5,1,0,0,0,0,2.5,0,0,0,15,0,0,0,0,43.5,0,6.5,0,0,0,0,0,0,0,0,0,0,0,0,0,0,0,0,0,0
"E807B",507,22,0,0,0,0,0,1.25,0,0,0,0.5,0,0,0,0,39.5,0,1,0,0,0,0,0,0,0,0,0,0,0,0,0,0,0,0,0,0
"E807B",508,6.5,8,0,0,0,2.5,5,0,0,0,1,0,0,0,0,33.5,0,1.5,0,0,0,0,0,0.5,0,0,0,0,0,0,0,0,0,0,0,0
"E807B",509,15,0,0,0,0,0,1.25,0,0,0,5,0,0,0,0,13,0,7.5,0,0,0,0,0,24.5,0,0,0,0,0,0,0,0,0,0,0,0
"E807B",510,18,8,0,0,0,0,0,0,0,0,12.5,0,0,0,0,36,0,8.5,0,0,0,0,0,8.5,0,0,0,0,0,0,0,0,0,0,0,0
"E807B",511,14.5,0,0,0,0,1.25,3.75,0,0,0,11,0,1,0,0,33,0,18,0,0,0,0,0,15,0,0,0,0,0,0,0,0,4,0,0,0
"E807B",512,0,1.5,9,0,0,0,7.5,0,0,0,13,0,0,0,0,0,0,35,0,0,0,0,0,0,0,1,0,0,0,0,0,0,9,0,0,0
"E807B",513,0,5,8,0,0,0,3.75,0,0,0,4,0,0,0,0,3.5,0,23.5,0,0,0,0,0,0,0,0,0,0,0,0,0,0,16,0,0,0
"E807B",514,3,0,0,0,0,0,1.25,0,0,0,18,0,0,0,0,4,0,22.5,0,0,0,0,0,0,0,0,0,0,0,0,0,0,1,0,0,0
"E807B",515,29.5,0,0,0,0,0,6.25,0,0,0,13,0,0,0,0,29.5,0,8,0,0,0,0,0,4,0,0,0,0,0,0,0,0,0,0,0,0
"E807B",516,0,2.5,1.5,0,0,0,0,0,0,0,10,0,0,0,0,1,0,40.5,0,0,0,0,0,0,0,0,0,0.5,0,0,0,0,0,0,0,0
"E807B",517,6.5,0,2,0,0,0,3.75,0,0,0,4,0,0,0,0,0,0,36.5,0,0,0,0,0,0,0,0,0,0,0,0,0,0,6,0,0,0
"E807B",518,0.5,0.5,1.5,0,0,0,1.25,0,0,0,3,0,0,0,0,0,0,26,0,0,0,0,0,11,0,0,0,0,0,0,0,0,0,0,0,0
"E807B",519,12,9,0.5,0,0,5,0,0,0,0,5.5,0.5,0,0,0,4.5,0,15,0,0,0,0,0,10,0,0,0,0,0,0,0,0,0,0,0,0
"E807B",520,6.5,0,0,0,0,11.25,1.25,0,0,0,17,0,0,0,0,14,0,9,0,0,0,0,0,23.5,0,0,0,0,2,0,0,0,0,0,0,0
"E505",681,15,11,0,0,0,0,3.66666666666667,0,0,9,4.5,0,0,0,0,0,0,37.5,0,0,0.5,0,0,0,0,0,0,0,0,0,0,0,1,0,0,0
"E505",682,0,25.5,0.5,0,0,0,0,0,0,1,7,0,0,0,0,0,0,31.5,0,0,0,0,0,0,0.5,0,0,0,0,0,0,0,0,0,0,0
"E505",683,10.5,20,0.5,0,0,0,0,0,0,11.5,6,0,0,0,0,0,0,36,0,0,0,0,0,0,0,0,0,0,0,0,0,0,0,0,0,0
"E505",684,0,108.5,1,0,0,0,0,0,0,3,0,0,0,0,0,0,0,24,0,0,0,0,0,0,2.5,0,0,0,0,0,0,0,0,0,0,0
"E505",685,14.5,65,0,0,0,0,0,0,0,0,1,0,0,0,0,0,0,23,0,0,0,0,0,0,1,0,0,0,0,0,0,0,0,0,0,0
"E505",686,22.5,19.5,1,0,0,0,0,0,0,0,10.5,0,0,0,0,0,0,30.5,0,0,0,0,0,0,0,0,0,0,0,0,0,0,0,1,0,0
"E505",687,8,18,1,0,0,0,1.83333333333333,0,0,2.5,1.5,0,0,0,0,2,0,31,0,0,0,0,0,0,0,0,0,0,0,0,0,0,0,0,0,0
"E505",688,6.5,7,0,0,0,0,9.16666666666667,31,0,2,3.5,0,0,0,0,0,0,30.5,0,0,0,0,0,0,0,0,0,0,0,0,0,0,0,0,0,0
"E505",689,2,14,0,0,0,0,0,2.5,0,0,5,0,0,0,0,4,0,25.5,0,0,0,0,0,0,0,0.5,0,0,0,0,0,0,6.5,0,0,0
"E505",690,0,20,0,0,0,0,0,7,0,0,10.5,0,0,0,0,3,0,21.5,0,0,0,0,0,0,0,0,0,0,0,0,0,0,0,0,0,0
"E505",691,5.5,11.5,0,0,0,0,0,0.5,0,3.5,22.5,0,0,0,0,3.5,1,29,0,0.5,0,0,0,0,0,0,0,0,0,0,0,0,2,0,0,0
"E505",692,8.5,10,1,0,0,0,1.83333333333333,3.5,0,2,7,0,0,0,0,2.5,0,39.5,0,0,0,0,0,0,0,0,0,0,0,0,0,0,2,0,0,0
"E505",693,9,22.5,0,0,0,0,0,1.5,0,0,4.5,0,0,0,0,0,0,22.5,0,0,0,0,0,0,0,0,0,0,0,0,0,0,5.5,0,0,0
"E505",694,0,11,0,0,0,0,5.5,12,0,0,2.5,0,0,0,0,1.5,0,15,0,0,0,0,0,0,0,0,0,0,0,0,0,0,0,0,0,0
"E505",695,0,8,0,0,0,0,0,3,0,0,2,0,0,0,0,63.5,0,11.5,0,0,0,0,0,0,0,0,0,0,0,0,0,0,0,0,0,0
"E505",696,0,17,1,0,0,0,1.83333333333333,3.5,0,0.5,5,0,0,0,0,17.5,0,10,0,0,0,0,0,0,0,0,0,0,0,0,0,0,0,0,0,0
"E505",697,0,25,0,0,0,0,0,3.5,0,0.5,5.5,0,0,0,0,11,0,25.5,0,0,0,0,0,0,0,0,0,0,0,0,0,0,2,0,0,0
"E505",698,13,26,1,0,3.66666666666667,0,0,0,0,0,8,0,0,0,0,1,0,36,0,0.5,0,0,0,0,0,0,0,0,0,0,0,0,0,0,0,0
"E505",699,8.5,18.5,1,0,0,0,0,0,0,3,1.5,0,0,0,0,0.5,0,21,0,0,0,0,0,0,0,0,0,6.5,0,0,0,0,4,0,0,0
"E505",700,0,38.5,1,0,0,0,0,6,0,4,8,0,0,0,0,0,0,31.5,0,0,0,0,0,0,1.5,0,0,0,0,0,0,0,0,0,0,0
"E501B",821,12,79,0,0,0,0,0.5,0,0,0,0,0,0,0,0,0,0,36,0,1,0,0,0,0,0,0,0,0,0,0,0,0,0,0,0,0
"E501B",822,10.5,91,0,0,0,0,0,0,0,0,1,0,0,0,0,0.5,0,26,0,0,0,0,0,0,0,0,0,0,0,0,0,0,0,0,0,0
"E501B",823,4.5,55.5,0,0,0,0,2,0,0,0,1.5,0,0,0,0,4,0,21,0,0,0,0,0,0,0,0,0,0,0,0,0,0,0,0,0,0
"E501B",824,8.5,20,0,0,0,0,0,0,0,0,1,0,0,0,0,5.5,0,34,0,0,0,0,0,0,0,0,0,0,0,0,0,0,0,0,0,0
"E501B",825,16,29.5,0,0,0,0,1.5,0,0,0,2.5,0,0,0,0,6,0,32.5,0,0,0,0,0,0,0,0,0,0,0,0,0,0,0,0,0,0
"E501B",826,4,6.5,0,0,0,0,0.5,0,0,0,1.5,0,0,0,0,4,0,33.5,0,0,0,0,0,0,0,0,0,0,0,0,0,0,0,0,0,0
"E501B",827,12,30.5,0,0,0,0,1,0,0,0.5,1,0,0,0,0,5,0,20.5,0,0,0,0,0,0,0,0,0,0,0,0,0,0,0,0,0,0
"E501B",828,23,12,5.5,0,0,0,0,0,0,0,0,0,0,0,0,5.5,0,13,0,0,0,0,0,0,0,0,0,0,0,0,0,0,0,0,0,0
"E501B",829,3,16.5,0.5,0,0,0,0,0,0,0,4,1,0,0,0,3.5,0,38,0,1.5,0,0,0,0,0,0,0,0,0,0,0,0,0,0,0,0
"E501B",830,2,48,0,0,0,0,4,0,0,6.5,4,0,0,0,0,1,0,19,0,0.5,0,0,0,0,0,0,0,0,0,0,0,0,0,0,0,0
"E501B",831,11.5,71,2.5,0,1,0,0.5,0,0,0,2,0,0,0,0,0,0,25.5,0,0,0,0,0,0,0,0,0,0,0,0,0,0,0,0,0,0
"E501B",832,8.5,103.5,1,0,0,0,0,0,0,0,1,0,0,0,0,1.5,0,15.5,0,0,0,0,0,0,0,0,0,0,0,0,0,0,0,0,0,0
"E501B",833,6.5,77.5,0,0,0,0,0,0,0,0,0.5,0,0,0,0,3,0,15.5,0,0,0,0,0,0,0,0,0,0,0,0,0,0,2.5,0,0,0
"E501B",834,26,3.5,0,0,0,0,0.5,0,0,0,0,0,0,0,0,0,0,16.5,0,0,0,0,0,0,0,0,0,0,0,0,0,0,0,0,0,0
"E501B",835,8,13.5,0.5,0,0,0,0,0,0,0,0,0,0,0,0,5,0,17.5,0,0,0,0,0,0,0,0,0,0,0,0,0,0,0,0,0,0
"E501B",836,9.5,29.5,3.5,0,0,0,0.5,0,0,0,4,0,0,0,0,0,0,26.5,0,0.5,0,0,0,0,0,0,0,0,0,0,0,0,0,0,0,0
"E501B",837,19.5,57,1,0,0,0,2,0,0,0,5,0,0,0,0,0,0,15,0,0,0,0,0,0,0,0,0,0,0,0,0,0,0,0,0,0
"E501B",838,3.5,75.5,2,0,0,0,1,0,0,7.5,1.5,0,0,0,0,0,0,33.5,0,1,0,0,0,0,0,0,0,5,0,0,0,0,0,0,0,0
"E501B",839,1.5,74,6.5,0,0,0,0,0,0,0,1.5,0,0,0,0,2,0,44.5,0,0,0,0,0,0,0,0,0,0,0,0,0,0,0,0,0,0
"E501B",840,0,97,5,0,0,0,0,0,0,0,2.5,0,0,0,0,0,0,30,0,0.5,0,0,0,0,0,0,0,6,0,0,0,0,0,0,0,0
"A34",621,10,37.5,0,0,0,0,0,0,0,5,1.5,1.5,2,0,0,8,0,1.5,0,0,0,0,0,5.5,0,0,0,0,0,0,0,0,0,0,0,0
"A34",622,20.5,26.5,0,0,0,0,0,0,0,5.5,2.5,3.5,0,0,0,8,0,2.5,0,0,0,0,0,14.5,0,0,0,0,0,0,0,0,0,0,0,0
"A34",623,12,32.5,0,0,0,0,0,0,0,0,0,0,4,0,0,8.5,0,2,0,0,0,0,0,15.5,0,0,0,0,0,0,0,0,0,0,0,0
"A34",624,20.5,35.5,0,0,0,0,0,0,0,2.5,1,3,5.5,0,0,7,0,2.5,0,0,0,0,0,11,0,0,0,0,0,0,0,0,0,0,0,0
"A34",625,13.5,28.5,0,0,0,0,0,0,0,2.5,0.5,0,4,0,0,8,0,4,0,0,0,0,0,21.5,0,0,0,0,0,0,0,0,0,0,0,0
"A34",626,12,24,0,0,0,0,0,0,0,6.5,2.5,2.5,1,0,0,6.5,0,3,0,0,0,0,0,23,0,0,0,0,0,0,0,0,0,0,0,0
"A34",627,5.5,41,5.5,0,0,0,0,0,0,0.5,6,0,0,0,0,15.5,0,8.5,0,0,0,0,0,5,0,0,0,0,0,0,0,0,0,0,0,0
"A34",628,6.5,61.5,2.5,0,0,0,0,0,0,9,0,0,4,0,0,16.5,0,2.5,0,0,0,0,0,5,0,0,0,0,0,0,0,0,0,0,0,0
"A34",629,3,9.5,0,0,0,0,0,0,0,5,5.5,1,2.5,0,0,13.5,0,19.5,0,0,0,0,0,4,0,0,0,0,0,0,0,0,0,0,0,0
"A34",630,3,57.5,0,0,0,0,0,0,0,0,0.5,0.5,1,0,0,13,0,1.5,0,0,0,0,0,2,0,0,0,0,0,0,0,0,0,0,0,0
"A34",631,13.5,42,0,0,0,0,0,0,0,0,0,0,1.5,0,0,26.5,0,0.5,0,0,0,0,0,10.5,0,0,0,0,0,0,0,0,0,0,0,0
"A34",632,3.5,44.5,0,0,0,0,0,0,0,0,2.5,0.5,3,0,0,11,0,0,0,0,0,0,0,14.5,0,0,0,0,0,0,0,0,0,0,0,0
"A34",633,24,30.5,0,0,0,0,0,0,0,2,3,2,0,0,0,12,0,2.5,0,0,0,0,0,6.5,0,0,0,0,0,0,0,0,0,0,0,0
"A34",634,8,44.5,0,0,0,0,0,0,0,0,1.5,0.5,6,0,0,4,0,1.5,0,0,0,0,0,23.5,0,0,0,0,0,0,0,0,0,0,0,0
"A34",635,9.5,6.5,0,0,0,0,0,0,0,0,7,2,2.5,0,0,19,0,11,0,0,0,0,0,6.5,0,0,0,0,0,0,0,0,0,0,0,0
"A34",636,5,47,0,0,0,0,0,0,0,0.5,0,0,1.5,0,0,4,0,3,0,0,0,0,0,0,0,0,0,0,0,0,0,0,0,0,0,0
"A34",637,7,73,0,0,0,0,0,0,0,0,0,0,0.5,0,0,3.5,0,2.5,0,0,0,0,0,0,0,0,0,0,0,0,0,0,0,0,0,0
"A34",638,9.5,67,0,0,0,0,0,0,0,0,0,0,0,0,0,20.5,0,0.5,0,0,0,0,0,0,0,0,0,0,0,0,0,0,0,0,0,0
"A34",639,8.5,65.5,0,0,0,0,0,0,0,1,2,2.5,1,0,0,8.5,0,0.5,0,0,0,0,0,0,0,0,0,0,0,0,0,0,0,0,0,0
"A34",640,16,50,0,0,0,0,0,0,0,2.5,1.5,0,0,0,0,11.5,0,1,0,0,0,0,0,0,0,0,0,0,0,0,0,0,0,0,0,0
"A18",641,15,31.5,0,0,0,0,0,0,0,1.5,4,2.5,0,0,0,22.5,0,4,0,0,0,0,0,17.5,0,0,0,0,0,0,0,0,0,0,0,0
"A18",642,7.5,35.5,0,0,0,0,0.5,0,0,3,3,1.5,0,0,0,13.5,0,2,0,0,0,0,0,11.5,0,0,0,0,0,0,0,0,0,0,0,0
"A18",643,5.5,38.5,0,0,0,0,0.5,0,0,0.5,2,0.5,0.5,0,0,2.5,0,8.5,0,0,0,0,0,16,0,0,0,0,0,0,0,0,0,0,0,0
"A18",644,14,36,0,0,0,0,0,0,0,0.5,4,5.5,0,0,0,2.5,0,3,0,0,0,0,0,6,0,0,0,0,0,0,0,0,0,0,0,0
"A18",645,4.5,33,0,0,0,0,0,0,0,2,2.5,3,0,0,0,8.5,0,3.5,0,0,0,0,0,10,0,0,0,0,0,0,0,0,0,0,0,0
"A18",646,16.5,22,0,0,0,0,0,0,0,1,0,0,2,0,0,9.5,0,9,0,0,0,0,0,21,0,0,0,0,0,0,0,0,0,0,0,0
"A18",647,12.5,23.5,0,0,0,0,0,0,0,0,0,0,0.5,0,0,11.5,0,20,0,0,0,0,0,12.5,0,0,0,0,0,0,0,0,0,0,0,0
"A18",648,3,17,0,0,0,0,0,0,0,1,0,0,2,0,0,11.5,0,15,0,0,0,0,0,27.5,0,0,0,0,0,0,0,0,0,0,0,0
"A18",649,8.5,33,0,0,0,0,0,0,0,0,0,0,0,0,0,4.5,0,9,0,0,0,0,0,29,0,0,0,0,0,0,0,0,0,0,0,0
"A18",650,11.5,21,0,0,0,0,0,0,0,0,0.5,0,0.5,0,0,47.5,0,4.5,0,0,0,0,0,19,0,0,0,0,0,0,0,0,0,0,0,0
"A18",651,7.5,20.5,0,0,0,0,0.5,0,0,0.5,0,0,3,0,0,20.5,0,6.5,0,0,0,0,0,28.5,0,0,0,0,0,0,0,0,0,0,0,0
"A18",652,3.5,39.5,0,0,0,0,0.5,0,0,0,0,0,0,0,0,10,0,5,0,0,0,0,0,18,0,0,0,0,0,0,0,0,0,0,0,0
"A18",653,5.5,23,0,0,0,0,0,0,0,0,1,3,0,0,0,16.5,0,4,0,0,0,0,0,16,0,0,0,0,0,0,0,0,0,0,0,0
"A18",654,26.5,5,7,0,0,0,0,0,0.5,2.5,3,4.5,0,0,0,0,0,28,0,0,0,0,0,4,0,0,0,0,0,0,0,0,0,0,0,0
"A18",655,2.5,24.5,0,0,0,0,0,0,0,0,3,1.5,4,0,0,12,0,9.5,0,0,0,0,0,14,0,0,0,0,0,0,0,0,0,0,0,0
"A18",656,3.5,30,1,0,0,0,0,0,0,0,0,0,3.5,0,0,2.5,0,9.5,0,0,0,0,0,21.5,0,0,0,0,0,0,0,0,0,0,0,0
"A18",657,3,24.5,0,0,0,0,0,0,0,0,1.5,0,3,0,0,8,0,9.5,0,0,0,0,0,17,0,0,0,0,0,0,0,0,0,0,0,0
"A18",658,4.5,7,0,0,0,0,0,0,0,5,9,1.5,2,0,0,14,0,8,0,0,0,0,0,23,0,0,0,0,0,0,0,0,0,0,0,0
"A18",659,8.5,32,0,0,0,0,0,0,0,0,0,0,0,0,0,31.5,0,2.5,0,0,0,0,0,8.5,0,0,0,0,0,0,0,0,0,0,0,0
"A18",660,9.5,29,0,0,0,0,0,0,0,0,2.5,0,3.5,0,0,1,0,8.5,0,0,0,0,0,28,0,0,0,0,0,0,0,0,0,0,0,0
"A213",661,16.5,2,0,0,0,0,0,0,0,0,0,0,0,0,0,38,0,0.5,0,0,0,0,0,0,0,0,0,0,0,0,0,0,0,0,0,0
"A213",662,24,2.5,0,0,0,0,0,0,0,0,3,0,0,0,0,32.5,0,2,0,0,0,0,0,0,0,0,0,0,0,0,0,0,0,0,0,0
"A213",663,58,1.5,0,0,0,0,0,0,0,0,0,0,0,0,0,24.5,0,0.5,0,0,0,0,0,0,0,0,0,0,0,0,0,0,0,0,0,0
"A213",664,22.5,2,0,0,0,0,0,0,0,0,0,0,0,0,0,45.5,0,1.5,0,0,0,0,0,0,0,0,0,0,0,0,0,0,0,0,0,0
"A213",665,45.5,1.5,0,0,0,0,0,0,0,0,1,1,0,0,0,5,0,7.5,0,0,0,0,0,41.5,0,0,0,0,0,0,0,0,0,0,0,0
"A213",666,62,3,0,0,0,0,0,0,0,0,1,0,0,0,0,12,0,8.5,0,0,0,0,0,5,0,0,0,0,0,0,0,0,0,0,0,0
"A213",667,42.5,2,0,0,0,0,0,0,0,0.5,0,0,0,0,0,34,0,1.5,0,0,0,0,0,0,0,0,0,0,0,0,0,0,0,0,0,0
"A213",668,47.5,0.5,0,0,0,0,0,0,0,0,15.5,0.5,0,0,0,0,0,26.5,0,0,0,0,0,8,0,0,0,0,0,0,0,0,0,0,0,0
"A213",669,38,2,0,0,0,0,0,0,0,0,2.5,0.5,0,0,0,30,0,4,0,0,0,0,0,21,0,0,0,0,0,0,0,0,0,0,0,0
"A213",670,33.5,8,0,0,0,0,0,0,0,0,0,0,0,0,0,35.5,0,1.5,0,0,0,0,0,0,0,0,0,0,0,0,0,0,0,0,0,0
"A213",671,37.5,3.5,0,0,0,0,0,0,0,0,0,0,0,0,0,38.5,0,3,0,0,0,0,0,0.5,0,0,0,0,0,0,0,0,0,0,0,0
"A213",672,23.5,4.5,0,0,0,0,0,0,0,0,0,0,0,0,0,34,0,0,0,0,0,0,0,0,0,0,0,0,0,0,0,0,0,0,0,0
"A213",673,25.5,5.5,0,0,0,0,0,0,0,0,0,0,0,0,0,23,0,3.5,0,0,0,0,0,0,0,0,0,0,0,0,0,0,0,0,0,0
"A213",674,26,4.5,0,0,0,0,0,0,0,0,0,0,0,0,0,27,0,6,0,0,0,0,0,0,0,0,0,0,0,0,0,0,0,0,0,0
"A213",675,28.5,6.5,0,0,0,0,0.5,0,0,0,0,0,0,0,0,18.5,0,3,0,0,0,0,0,3,0,0,0,0,0,0,0,0,0,0,0,0
"A213",676,34,4.5,0,0,0,0,0,0,0,0,0,0,0,0,0,26.5,0,2,0,0,0,0,0,4,0,0,0,0,0,0,0,0,0,0,0,0
"A213",677,21,7,0,0,0,0,0,0,0,0,0,0,0,0,0,41,0,3.5,0,0,0,0,0,0,0,0,0,0,0,0,0,0,0,0,0,0
"A213",678,22.5,6.5,0,0,0,0,0,0,0,0,0,0,0,0,0,16,0,1,0,0,0,0,0,0,0,0,0,0,0,0,0,0,0,0,0,0
"A213",679,27,6.5,0,0,0,0,0,0,0,0,0,0,0,0,0,22,0,6,0,0,0,0,0,0,0,0,0,0,0,0,0,0,0,0,0,0
"A213",680,35.5,16,0,0,0,0,0,0,0,0,0,0,0,0,0,13,0,5.5,0,0,0,0,0,0,0,0,0,0,0,0,0,0,0,0,0,0
"A319",321,23.5,2,0.5,0,0,0,0,0,0,3,5.5,0,0.5,0,0,31.5,0,7.5,0,0,0,0,0,4,0,0,0,0,0,0,0,0,0,0,0,0
"A319",322,7,1,0,0,0,0,0,0,0,4.5,17,0,0.5,0,0,44,0,1.5,0,0,0,0,0,1.5,0,0,0,0,0,0,0,0,0,0,0,0
"A319",323,11.5,6,0,0,0,0,0,0,0,1.5,8.5,0,2.5,0,0,36,0,4,0,0,0,0,0,7,0,0,0,0,0,0,0,0,0,0,0,0
"A319",324,23,1,0,0,0,0,0,0,0,6.5,34.5,0,3,0,0,4.5,0,7,0,0,0,0,0,6,0,0,0,0,0,0,0,0,0,0,0,0
"A319",325,47,0,0,0,0,0,1,0,0,0,21,0,1,0,0,0,0,4,0,0,0,0,0,4,0,0,0,4,0,0,0,0,0,0,0,0
"A319",326,11.5,2.5,0,0,0,0,0,0,0,0,3,0,1,0,0,56,0,3,0,0,0,0,0,2,0,0,0,0,0,0,0,0,0,0,0,0
"A319",327,23,0.5,0,0,0,0,0,0,0,4,9.5,0,1.5,0,0,21.5,0,3,0,0,0,0,0,0,0,0,0,0,0,0,0,0,0,0,0,0
"A319",328,16,1,0,0,0,0,0,0,0,0,24,0,1.5,0,0,36,0,3,0,0,0,0,0,4,0,0,0,0,0,0,0,0,0,0,0,0
"A319",329,33.5,0.5,0,0,0,0,0,0,0,0,35,0,0,0,0,22.5,0,2.5,0,0,0,0,0,5.5,0,0,0,0,0,0,0,0,0,0,0,0
"A319",330,20.5,0,0,0,0,0,1,0,0,4.5,13.5,0,0.5,0,0,26,0,7,0,0,0,0,0,1.5,0,0,0,0,0,0,0,0,0,0,0,0
"A319",331,7.5,6.5,0,0,0,0,0,0,0,0,3,0,0,0,0,49.5,0,5.5,0,0,0,0,0,0,0,0,0,0,0,0,0,0,0,0,0,0
"A319",332,8.5,1,0,0,0,0,1,0,0,1.5,18,0.5,1,0,0,37.5,0,1,0,0,0,0,0,1.5,0,0,0,0,0,0,0,0,0,0,0,0
"A319",333,10.5,0.5,0,0,0,0,0.5,0,0,5,3,0,0,0,0,40.5,0,4,0,0,0,0,0,0.5,0,0,0,0,0,0,0,0,0,0,0,0
"A319",334,23,1,0,0,0,0,0,0,0,7,5,0,0,0,0,36,0,10,0,0,0,0,0,0,0,0,0,0,0,0,0,0,0,0,0,0
"A319",335,22,9,0,0,0,0,1,0,0,0,0.5,0,0,0,0,34,0,3,0,0,0,0,0,0.5,0,0,0,0,0,0,0,0,0,0,0,0
"A319",336,17,1.5,0,0,0,0,3,0,0,5.5,1,0,2,0,0,33.5,0,1,0,0,0,0,0,0,0,0,0,0,0,0,0,0,0,0,0,0
"A319",337,30.5,0,0,0,0,0,1,0,0,7,6,0,0,0,0,16.5,0,9,0,0,0,0,0,7.5,0,0,0,0,0,0,0,0,0,0,0,0
"A319",338,27,0,0,0,0,0,0,0,0,4.5,12,0,0,0,0,3,0,23.5,0,0,0,0,0,10,0,0,0,0,0,0,0,0,1,0,0,0
"A319",339,22.5,3,0,0,0,0,0.5,0,0,1.5,5,0.5,1.5,0,0,26,0,3,0,0,0,0,0,10.5,0,0,0,0,0,0,0,0,0,0,0,0
"A319",340,20.5,0,0,0,0,0,0,0,0,0,2,0,0,0,0,32,0,10,0,0,0,0,0,8,0,0,0,0,0,0,0,0,0,0,0,0
"S330",101,0,10,0,0,0,0,11.5,0,0,0,10.5,2.5,1.5,0,0,21.5,0,1,0,0,0,0,0,0,0,0,0,0,0,0,0,0,0,0,0,0
"S330",102,5,0,1.5,0,0,0,0,0,0,0.5,11,2.5,2.5,0,0,7,0,12,0,0,0,0,0,0,0,0,0,3,0,0,0,0,0,0,0,0
"S330",103,1.5,4,0,0,0,0,1.5,0,0,1.5,20.5,5.5,0,0,0,4,0,12,0,0,0,0,0,0,0,0,0,3.5,0,0,0,0,0,0,0,0.5
"S330",104,0,5.5,0.5,0,0,0,0,0,0,1.5,7.5,1,0,0,0,39,0,9,0,0,0,0,0,0,0,0,0,0,0,0,0,0,0,0,0,0
"S330",105,0,5,0,0,0,0,0.5,0,0,1,9,2,0,0,0,10,0,9,0,0,0,0,0,0,0,0,0,0,0,0,0,0,0,0,0,0
"S330",106,0,1,0.5,0,0,0,0.5,0,0,19,15,0.5,0,0,0,3,0,11,0,0,0,0,0,1.5,0,0,0,0,0,0,0,0,0,0,0,0.5
"S330",107,2,0.5,18,0,0,0,0,0,0,3.5,4,0.5,0,0,0,0.5,0,13,0,0,0,0,0,0,0,0,0,0,0,0,0,0,0,0,0,0
"S330",108,0,24.5,0,0,0,0,0.5,0,0,6,3,0,0,0,0,28.5,0,14,0,0,0,0,0,0,0,0,0,0,0,0,0,0,0,0,0,0
"S330",109,0,5,0.5,0,0,0,3,0,0,0.5,12.5,3,0,0,0,11,0,13,0,0,0,0,0,0,0,0,0,0,0,0,0,0,0,0,0,0
"S330",110,0,7.5,0,0,0,0,2.5,0,0,0,7,0,0,0,0,7,0,27.5,0,0,0,0,0,0,0,0,0,0,0,0,0,0,0,0,0,0
"S330",111,0,10.5,0.5,0,0,0,2.5,0,0,0.5,11.5,2.5,5,0,0,18,0,7.5,0,0,0,0,0,0,0,0,0,0,0,0,0,0,0,0,0,0.5
"S330",112,0,2.5,1,0,0,0,1.5,0,0,0,5.5,1.5,0,0,0,8,0,15.5,0,0,0,0,0,0,0,0,0,0,0,0,0,0,0,0,0,0.5
"S330",113,0,2.5,0.5,0,0,0,1.5,0,0,0,3.5,1,0,0,0,18.5,0,15,0,0,0,0,0,0,0,0,0,0,0,0,0,0,0,0,0,0
"S330",114,0,1.5,2.5,0,0,0,0,0,0,1,8.5,0.5,0.5,0,0,29.5,0,7,0,0,0,0,0,0,0,0,0,0,0,0,0,0,0,0,0,0
"S330",115,5,2,0.5,0,0,0,0,0,0,1.5,9,1.5,3,0,0,6,0,10.5,0,0,0,0,0,11,1.5,0,0,0,0,0,0,0,0,0,0,0
"S330",116,0,3.5,2,0,0,0,0,0,0,0,3,0,0,0,0,15,0,27.5,0,0,0,0,0,0.5,0,0,0,0,0,0,0,0,0,0,0,0
"S330",117,0,0,1,0,0,0,1.5,0,0,0,6.5,1,0,0,0,20.5,0,13.5,0,0,0,0,0,0,0,0,0,0,0,0,0,0,0,0,0,0
"S330",118,0,1.5,0.5,0,0,0,1.5,0,0,2,17,4.5,2.5,0,0,17,0,13,0,0,0,0,0,0,1,0,0,1,0,0,0,0,0,0,0,0
"S330",119,0,3,1.5,0,0,0,0,0,0,2,7,0.5,1,0,0,22.5,0,7.5,0,0,0,0,0,0,0,0,0,0,0,0,0,0,0,0,0,0
"S330",120,0,4,1.5,0,0,0,0,0,0,0,7,0.5,3.5,0,0,52.5,0,4.5,0,0,0,0,0,0,0,0,0,0,0,0,0,0,0,0,0,0
"E807D",1,0,11.5,1,0,0,0,0,1,0,0,0,0,0,0,0,16.5,0,9,0,0,0,0,0,0,0,0,0,0,0,0,0,0,4,0,0,4
"E807D",2,6.5,0,3,0,0,0,1.5,0,1,3.5,11,0,0,0,0,15,0,16.5,0,0,0,0,0,0,0,0,0,0,0,0,0,0,0,0,0,0
"E807D",3,18.5,1,2,0,0,0,0.5,0,0,0.5,2,0,0,0,0,0,0,39.5,0,0,0,0,0,0,0,0,0,0,0,0,0,0,0.5,0,0,0
"E807D",4,24,0,0,0,0,0,1.5,0,5.5,0.5,2.5,0,0,0,0,35.5,0,2.5,0,0,0,0,0,0,0,0,0,0,0,0,0,0,0,0,0,0
"E807D",5,32.5,0,0,0,0,0,1.5,0,0,0,1,0,0,0,0,32,0,2.5,0,0,0,0,0,0,0,0,0,0,0,0,0,0,0,0,0,0
"E807D",6,4.5,10,1,0,0,0,2.5,6,0,0,2.5,0,0,0,0,39.5,0,5.5,0,0,0,0,0,0,0,0,0,0,0,0,0,0,0,0,0,0
"E807D",7,0,8.5,0,0,0,0,5.5,14,0,0,0.5,0,0,0,0,13.5,0,30,0,0,0,0,0,0,0,0,0,0,0.5,0,0,0,0,0,0,0
"E807D",8,0,12,2.5,0,0,0,10,0.5,0,0,0,0,0,0,0,0.5,0,19.5,0,0,0,0,0,0,0,0,0,0,0,0,0,0,0,0,0,0.5
"E807D",9,0,14,0,0,0,0,0.5,0.5,0,0,0.5,0,0,0,0,30,0,18,0,0,0,0,0,0,0,0,0,0,0,0,0,0,0,0,0,0
"E807D",10,57.5,0.5,0,0,0,0,0,0,0,0,6,0,0,0,0,3,0,18.5,0,0,0,0,0,0,0,0,0,0,0,0,0,0,0,0,0,0
"E807D",11,4,0,0,0,0,0,0,0,0,0.5,1,0,0,0,0,6,0,59,0,0,0,0,0,0.5,0,0,0,3,0,0,0,0,0,0,0,0
"E807D",12,5,0,0,0,0,0,0,0,0,0,8.5,0,0,0,0,37,0,41.5,0,0,0,0,0,0,0,0,0,0,0,0,0,0,0.5,0,0,0
"E807D",13,0,4,0,0,0,0,7,0,1.5,0.5,5.5,0,0,0,0,4.5,0,16.5,0,0,0,0,0,0,0,0,0,0,0,0,0,1,0,0,0,0
"E807D",14,0,3.5,0,0,0,0,0.5,0,0,0.5,3.5,0,0,0,0,16.5,0,36,0,0,0,0,0,0,0,0,0,0,0,0,0,0,0,0,0,0
"E807D",15,0,16.5,0.5,0,0,0,1.5,0,0,0,0,3,0,0,0,9,0,20,0,0,0,0,0,0,0,0,0,0,0,0,0,0,0,0,0,0
"E807D",16,0,4,4,0,0,0,1.5,0,0,0,0,3,0,0,0,1,0,22.5,8,0,0,0,0,0,0,0,0,0,0,0,0,0,0,0,0,0
"E807D",17,3,19,2.5,0,0,0,3,0,0,0.5,0,0,0,0,0,3,0,12.5,0,0,0,0,0,0,0,0,0,0,0,0,0,0,0,0,0,0.5
"E807D",18,0,12.5,3,0,0,0,4,0,0,0,0,0,0,0,0,3,0,21,0,0,0,0,0,0,0,0,0,0,0,0,0,0,4.5,0,0,0.5
"E807D",19,0,8.5,5,0,0,0,17,0,0,0,0.5,0,0,0,0,3.5,0,42.5,0,0,0,0,0,0,0,0,0,10.5,0,0,0,0,0,0,0,0.5
"E807D",20,0,1,3,0,0,0,3,0,0,0,5,0,0,0,0,6,0,92.5,0,0,0,0,0,0,0,0,0,0.5,0,0,0,0,0,0,0,0
"A71",941,4,10.5,0,0,0,0,4.5,0,0,0,1,0,0,0,0,13,0,7.5,0,0,0,0,0,0,0,0,0,0,0,0,0,0,0,0,0,0
"A71",942,12.5,11.5,1,0,0,0,6,0,0,0,0.5,0,2.5,0,0,10,0,0,0,0,0,0,0,0,0,0,0,0,0,0,0,0,0,0,0,0
"A71",943,10,16.5,0,0,0,0,4,0,0,0,3,0,1,0,0,27,0,0,0,0,0,0,0,0,0,0,0,0,0,0,0,0,0,0,0,0
"A71",944,10,15,0,0,0,0,1,0,0,0,0,0,0,0,0,31.5,0,0,0,0,0,0,0,0,0,0,0,0,0,0,0,0,0,0,0,0
"A71",945,11.5,30.5,0,0,0,0,8.5,0,0,0,0,0,1.5,0,0,8.5,0,5,0,0,0,0,0,0,0,0,0,0,0,0,0,0,0,0,0,0
"A71",946,13,24,0,0,0,0,3,0,0,0,2,0,4,0,0,14,0,0,0,0,0,0,0,0,0,0,0,0,0,0,0,0,0,0,0,0
"A71",947,16,2.5,0.5,0,0,0,2.5,0,0,0,0,0,0.5,0,0,15.5,0,0,0,0,0,0,0,0,0,0,0,0,0,0,0,0,0,0,0,0
"A71",948,15,15,0,0,0,0,2,0,0,0,0,0,0,0,0,22.5,0,0,0,0,0,0,0,0,0,0,0,0,0,0,0,0,0,0,0,0
"A71",949,4,10.5,0,0,0,0,4,0,0,0,0,0,1.5,0,0,11,0,0,0,0,0,0,0,0,0,0,0,0,0,0,0,0,0,0,0,0
"A71",950,7,27.5,0,0,0,0,4.5,0,0,0,4,0,0,0,0,3,0,4.5,0,0,0,0,0,0,0,0,0,0,0,0,0,0,0,0,0,0
"A71",951,2.5,35,0,0,0,0,9.5,0,0,0,1,0,0,0,0,2.5,0,0,0,0,0,0,0,0,0,0,0,0,0,0,0,0,0,0,0,0
"A71",952,16.5,20,0,0,0,0,10.5,0,0,0,1,0,0,0,0,1.5,0,3,0,0,0,0,0,0,0,0,0,0,0,0,0,0,0,0,0,0
"A71",953,2,33,0,0,0,0,3,0,0,0,1.5,0,0,0,0,39.5,0,1,0,0,0,0,0,0,0,0,0,0,0,0,0,0,0,0,0,0
"A71",954,18,20,3,0,0,0,2,0,0,0,1,0,0,0,0,59.5,0,0,0,0,0,0,0,0,0,0,0,0,0,0,0,0,0,0,0,0
"A71",955,10.5,54,0,0,0,0,4,0,0,0,5.5,0,5.5,0,0,34,0,0,0,0,0,0,0,0,0,0,0,0,0,0,0,0,0,0,0,0
"A71",956,10.5,44,1,0,0,0,2.5,0,0,0.5,6.5,0,3,0,0,22.5,0,0,0,0,0,0,0,0,0,0,0,0,0,0,0,0,0,0,0,0
"A71",957,10.5,48,1,0,0,0,1,0,0,0.5,6.5,0,2,0,0,22.5,0,0,0,0,0,0,0,0.5,0,0,0,0,0,0,0,0,0,0,0,0
"A71",958,13.5,80,0,0,0,0,1.5,0,0,0,2,0,0,0,0,6.5,0,4,0,0,0,0,0,0,0,0,0,0,0,0,0,0,0,0,0,0
"A71",959,9.5,49.5,0,0,0,0,1.5,0,0,0,1,0,0,0,0,4.5,0,1,0,0,0,0,0,0,0,0,0,0,0,0,0,0,0,0,0,0
"A71",960,4,67,0,0,0,0,7.5,0,0,0,2.5,0,2,0,0,2,0,25.5,0,0,0,0,0,0,0,0,0,0,0,0,0,0,0,0,0,0
"A302",541,6,7,1.5,0,0,0,0,0,0,0,6.5,0,0,0,0,20.5,0,9.5,0,0,0,0,0,5,0,0,0,0,0,0,0,0,0,0,0,0
"A302",542,12,4.5,0,0,0,0,0.5,0,0,0,2.5,0.5,0,0,0,37.5,0,7,0,0,0,0,0,0.5,0,0,0,0,0,0,0,0,0,0,0,0
"A302",543,17.5,3.5,0,0,0,0,0,0,0,0,2,2,0,0,0,37,0,0.5,0,0,0,0,0,2.5,0,0,0,0,0,0,0,0,0,0,0,0
"A302",544,4.5,11.5,1,0,0,0,0,0,0,0,2,0,0,0,0,17,0,1,0,0,0,0,0,3,0,0,0,0,0,0,0,0,0,0,0,0
"A302",545,12.5,6,0,0,0,0,0,0,0,0.5,4.5,0,0,0,0,29.5,0,1.5,0,0,0,0,0,2.5,0,0,0,0,0,0,0,0,0,0,0,0
"A302",546,16,6,0,0,0,0,0,0,0,0,0.5,0,0,0,0,29.5,0,0,0,0,0,0,0,0,0,0,0,0,0,0,0,0,0,0,0,0
"A302",547,26.5,8,0.5,0,0,0,0,0,0,0.5,4.5,0.5,0,0,0,6,0,23.5,0,0,0,0,0,0,0,0,0,0,0,0,0,0,0,0,0,0
"A302",548,22,2.5,0,0,0,0,0,0,0,0,10.5,0,0.5,0,0,6,0,8.5,0,0,0,0,0,2,0,0,0,0,0,0,0,0,0,0,0,0
"A302",549,17.5,3.5,0,0,0,0,0,0,0,1,4,0,0,0,0,22.5,0,7.5,0,0,0,0,0,2.5,0,0,0,0,0,0,0,0,0,0,0,0
"A302",550,10.5,0.5,0,0,0,0,0,0,0,0,8,1,0,0,0,27.5,0,11,0,0,0,0,0,0.5,0,0,0,0,0,0,0,0,0,0,0,0
"A302",551,11,12,0,0,0,0,0,0,0,0.5,2.5,0,1,0,0,34.5,0,0,0,0,0,0,0,8.5,0,0,0,0,0,0,0,0,0,0,0,0
"A302",552,10.5,2.5,0,0,0,0,0,0,0,0,4,0,0.5,0,0,29,0,9,0,0,0,0,0,2,0,0,0,0,0,0,0,0,0,0,0,0
"A302",553,9.5,3.5,0,0,0,0,0,0,0,0,3,0.5,0.5,0,0,11.5,0,14.5,0,0,0,0,0,2,0,0,0,0,0,0,0,0,0,0,0,0
"A302",554,27,1.5,0,0,0,0,0,0,0,0,15.5,2,0,0,0,14.5,0,13.5,0,0,0,0,0,2.5,0,0,0,0,0,0,0,0,0,0,0,0
"A302",555,36.5,4,0,0,0,0,0,0,0,0.5,11,0,0,0,0,15,0,11,0,0,0,0,0,1,0,0,0,0,0,0,0,0,0,0,0,0
"A302",556,35,2,0.5,0,0,0,0,0,0,0.5,21,1,0,0,0,8,0,8.5,0,0,0,0,0,2,0,0,0,0,0,0,0,0,0,0,0,0
"A302",557,14.5,7.5,0.5,0,0,0,0,0,0,0,8,1.5,0,0,0,25.5,0,7,0,0,0,0,0,1,0,0,0,0,0,0,0,0,0,0,0,0
"A302",558,12,13,0,0,0,0,0,0,0,0,2,0,0,0,0,63.5,0,7,0,0,0,0,0,1.5,0,0,0,0,0,0,0,0,0,0,0,0
"A302",559,6.5,3,0,0,0,0,0,0,0,0,2,0,0,0,0,81.5,0,4,0,0,0,0,0,0,0,0,0,0,0,0,0,0,0,0,0,0
"A302",560,9,6.5,0,0,0,0,0,0,0,0,2,0.5,0,0,0,26,0,4,0,0,0,0,0,0,0,0,0,0,0,0,0,0,0,0,0,0
"A32",981,11.5,18,0,0,0,0,0,0,0,0.5,0,0,0,0,0,34,0,2,0,0,0,0,0,0,0,0,0,0,0,0,0,0,0,0,0,0
"A32",982,14.5,8,0,0,0,0,0,0,0,0,3,0,0,0,0,40,0,0,0,0,0,0,0,0,0,0,0,0,0,0,0,0,0,0,0,0
"A32",983,0.5,11.5,0,0,0,0,0,0,0,0,1,0,1,0,0,44,0,0,0,0,0,0,0,0,0,0,0,0,0,0,0,0,0,0,0,0
"A32",984,11,18.5,0,0,0,0,0,0,0,0,5.5,0,0,0,0,51.5,0,0,0,0,0,0,0,0,0,0,0,0,0,0,0,0,0,0,0,0
"A32",985,13.5,16.5,0,0,0,0,0,0,0,0,1,0,0.5,0,0,22,0,0.5,0,0,0,0,0,0,0,0,0,0,0,0,0,0,0,0,0,0
"A32",986,12.5,67.5,1.5,0,0,0,0,0,0,1.5,4.5,0,2,0,0,55,0,0.5,0,0,0,0,0,0,0,0,0,0,0,0,0,0,0,0,0,0
"A32",987,18.5,60,0.5,2.5,0,0,0,0,0,0,15.5,0,1.5,0,0,27,0,0,0,0,0,0,0,0,0,0,0,0,0,0,0,0,0,0,0,0
"A32",988,22,46,9.5,0,0,0,0,0,0,0,6.5,0,0,0,0,30,0,0,0,0,0,0,0,0,0,0,0,0,0,0,0,0,0,0,0,0
"A32",989,13,46,1,0,0,0,0.5,0,0,0,16,0,2,0,0,20.5,0,0,0,0,0,0,0,0,0,0,0,0,0,0,0,0,0,0,0,0
"A32",990,7.5,28,0,0,0,0,0,0,0,0,6.5,0,0,0,0,51.5,0,0,0,0,0,0,0,0,0,0,0,0,0,0,0,0,0,0,0,0
"A32",991,13.5,24,0.5,0,0,0,0,0,0,0,4.5,0,1,0,0,19.5,0,0,0,0,0,0,0,0,0,0,0,0.5,0,0,0,0,0,0,0,0
"A32",992,13.5,9,0,0,0,0,0,0,0,0,0.5,0,1.5,0,0,15,0,4,0,0,0,0,0,0,0,0,0,0,0,0,0,0,0,0,0,1
"A32",993,25.5,18.5,0,0,0,0,0,0,0,0.5,9,0,0,0,0,26,0,1,0,0,0,0,0,0,0,0,0,0,0,0,0,0,0,0,0,0
"A32",994,12,19.5,0.5,0,0,0,0.5,0,0,0,13,0,0.5,0,0,6.5,0,0,0,0,0,0,0,0,0,0,0,0,0,0,0,0,0,0,0,0
"A32",995,31.5,19,0,0,0,0,0.5,0,0,0.5,21.5,0,1,0,0,14,0,0,0,0,0,0,0,0,0,0,0,0,0,0,0,0,0,0,0,0
"A32",996,12.5,53.5,3.5,0,0,0,0.5,0,0,2.5,2,0,0,0,0,30,0,0,0,0,0,0,0,0,0,0,0,0,0,0,0,0,0,0,0,0
"A32",997,9.5,37,0,0,0,0,0,0,0,0.5,7,0,1,0,0,45.5,0,0,0,0,0,0,0,4,0,0,0,0,0,0,0,0,0,0,0,0
"A32",998,10.5,31,0,0,0,0,0,0,0,0,15,0,0,0,0,29.5,0,0,0,0,0,0,0,0,0,0,0,0,0,0,0,0,0,0,0,0
"A32",999,19,17,0,0,0,0,0,0,0,1,1,0,0,0,0,63,0,0,0,0,0,0,0,0,0,0,0,0,0,0,0,0,0,0,0,0
"A32",1000,17.5,42,1,0,0,0,0,0,0,2,3.5,0,1.5,0,0,45,0,0,0,0,0,0,0,0,0,0,0,0,0,0,0,0,0,0,0,0
"E100B-W",841,11,6,0.5,1.5,0,0,1.5,0,1,1,2.5,0,0.5,0,0,1.5,0,11.5,0,0,0,0,0,24.5,0,0,0,0,0,0,0,0,0,0,0,0
"E100B-W",842,17,1.5,0.5,0,0,0,0.5,0,4,3.5,9.5,0,0,0,0,4,0,13.5,0,0,0,0,0,9,0,0,0,0,0,0,0,0,0,0,0,0
"E100B-W",843,7.5,2,0,0,0,0,2.5,0,0,2.5,0,0,0,0,0,7,0,9,0,0,0,0,0,14,0,0,0,0,0,0,0,0,2,0,0,0
"E100B-W",844,7.5,4.5,0,0,0,0,3,0,0,0,0,0,0,0,0,9,0,20,0,0,0,0,0,0,0,0,0,0,0,0,0,0,0,0,0,0
"E100B-W",845,24.5,2,0,0,0,0,1.5,0,0,0,0,0,0,0,0,0,0,17,0,0,0,0,0,5,0,0,0,0,0,0,0,0,0,0,0,0
"E100B-W",846,16.5,14.5,1,0,0,0,0,0,0,4,0,0,0,0,0,2,0,19,0,0,0,0,0,0,0,0,0,0,0,0,0,0,0,0,0,0
"E100B-W",847,21,10.5,0,0,0,0,1.5,0,0,0,2,0,0,0,0,1.5,0,20,0,0,0,0,0,0.5,0,0,0,0,0,0,0,0,1,0,0,0
"E100B-W",848,29,8,1,0,0,0,1,0,0,2,5.5,0,0,0,0,1,0,15.5,0,0,0,0,0,2.5,0,0,0,0,0,0,0,0,0,0,0,0
"E100B-W",849,4.5,6,0,0,0,0,1,0,0,1.5,0,0,0,0,0,8.5,0,5,0,0,0,0,0,6.5,0,0,0,0,0,0,0,0,0,0,0,0
"E100B-W",850,14,7.5,1,0,0,0,0,0,0,0,3,0,0,0,0,6.5,0,17.5,0,0,0,0,0,0,0,0,0,0,0,0,0,0,0,0,0,0
"E100B-W",851,29,7,0,0,0,0,0.5,0,0,0,4.5,0,0,0,0,0,0,24.5,0,0,0,0,0,0,0,0,0,0,0,0,0,0,0,0,0,0
"E100B-W",852,5,2,1,0,0,0,3,0,0,2,0,0,0,0,0,1,0,31.5,0,0,0,0,0,0,0,0,0,0,0,0,0,0,0,0,0,0
"E100B-W",853,19,0,0,0,0,0,4,0,0,1.5,3,0,0,0,0,6.5,0,19,0,0,0,0,0,0.5,0,0,0,0,0,0,0,0,0,0,0,0
"E100B-W",854,1,0,0,0,0,0,6.5,0,0,3,0,0,0,0,0,39,0,6.5,0,0,0,0,0,0,0,0,0,0,0,0.5,0,0,0,0,0,0
"E100B-W",855,6,0.5,0,0,0,0,1.5,0,0,2,1,0,0,0,0,53,0,3.5,0,0,0,0,0,4,0,0,0,0,0,0,0,0,0,0,0,0
"E100B-W",856,3.5,5,0,0,0,0,4,0,0,0.5,6.5,0,0,0,0,4,0,16.5,0,0,0,0,0,0,0,0,0,0,0,0,0,0,0,0,0,0
"E100B-W",857,6,2,0.5,1,0,0,5.5,0,0,0.5,3.5,0,0,0,0,16,0,13,0,0,0,0,0,2.5,0,0,0,0,0,0,0,0,0,0,0,0
"E100B-W",858,4,2,0,0,0,0,6,0,0,1,1,0,0,0,0,13,0,12.5,0,0,0,0,0,0,0,0,0,0,0,0,0,0,0,0,0,0
"E100B-W",859,14,1,3,1,0,0,1.5,0,0,3.5,1.5,0,0,0,0,1,0,45,0,0,0,0,0,0,0,0,0,0,0,0,0,0,0,0,0,0
"E100B-W",860,4,8.5,0,0,0,0,2.5,0,0,0,1,0,0,0,0,4,0,17,0,0,0,0,0,0,0,0,0,0,0,0,0,0,0,0,0,0
"E508A",901,3,32.5,0,0,0,0,1.5,6,0,1,0,0,0,0,0,19.5,0,14,0,0,0,0,0,0,0,0,0,0,0,0,0,0,0,0,0,0
"E508A",902,2.5,30.5,0,0,0,0,2,3,0,2.5,8.5,0,0,0,0,8,0,15.5,0,0,0,0,0,0,0,0,0,0,0,0,0,0,0,0,0,0
"E508A",903,4.5,30,0,0,0,0,2,5.5,0,2,0,0,0,0,0,15,0,14.5,0,0,0,0,0,0,0,0,0,0,0,0,0,0,0.5,0,0,0
"E508A",904,0,6,0,0,0,0,4.5,9.5,0,0,0,0,0,0,0,100,0,1.5,0,0,0,0,0,0,0,0,0,0,0,0,0,0,0,0,0,0
"E508A",905,2.5,13.5,0,0,0,0,1,8.5,0,0,1,0,0,3,0,61.5,0,11,0,0,0,0,0,0,0,0,0,0,0,0,0,0,0,0,0,0
"E508A",906,7,23.5,0,0,0,0,2,4,0,1,2,0,0,0,0,10.5,0,32.5,0,0,0,0,0,0,0,0,0,0,0,0,0,0,0,0,0,0
"E508A",907,4.5,26,0,0,0,0,2,4,0,5.5,1.5,0,0,0,0,12.5,0,24.5,0,0,0,0,0,0,0,0,0,0,0,0,0,0,0,0,0,0
"E508A",908,12,28.5,0,0,0,0,0,1,0,0,3,0,0,0,0,0,0,15.5,0,0,0,0,0,0,0,0,0,0,0,0,0,0,1,0,0,0
"E508A",909,6.5,13,0,0,0,0,1,2.5,0,6.5,6.5,0,0,0,0,20,0,19.5,0,0,0,0,0,0,0,0,0,0,0,0,0,0,0,0,0,0
"E508A",910,11,86.5,0,0,0,0,0,0,0,1,0,0,0,0,0,0,0,30.5,0,0,0,0,0,0,0,0,0,0,0,0,0,0,16,0,0,0
"E508A",911,19,71.5,0,0,0,0,0,0,0,3.5,6.5,0,0,0,0,0,0,21,0,0,0,0,0,0,0,0.5,0,0,0,0,0,0,3,0,0,0
"E508A",912,10,31,0,0,0,0,0,0,0,7.5,0,0,0,0,0,2,0,29,0,0,0,0,0,0,0,0,0,0,0,0,0,0,0,0,0,0
"E508A",913,22.5,94,0,0,0,0,0,0,0,5,0.5,0,0,0,0,0,0,29.5,0,0,0,0,0,0,0,0,0,0,0,0,0,0,0,0,0,0
"E508A",914,2.5,78,0,0,0,0,1,0,0,3,2,0,0,0,0,0,0,23.5,0,0,0,0,0,0,0,0,0,0,0,0,0,0,0,0,0,0
"E508A",915,0,121.5,0,0,0,0,0,0,0,0,0,0,0,0,0,0,0,29,0,0,0,0,0,0,0,0,0,0,0,0,0,0,3,0,0,0
"E508A",916,21,17,0,0,0,0,3,0,0,1,7.5,0,0,0,0,1,0,31.5,0,0,0,0,0,0,0,0,0,0,0,0,0,0,0,0,0,0
"E508A",917,10,22,0,0,0,0,2,5.5,0,0.5,2.5,0,0,0,0,24,0,9.5,0,0,0,0,0,0,0,0,0,0,0,0,0,0,0,0,0,0
"E508A",918,4.5,14,0,0,0,0,1,8,0,0,0.5,0,0,0,0,35,0,9,0,0,0,0,0,0,0,0,0,0,0,0,0,0,0,0,0,0
"E508A",919,3.5,49,0,0,0,0,0,7,0,4,1,0,0,0,0,0.5,0,25.5,0,0,0,0,0,0,0,0,0,0,0,0,0,0,0,0,0,0
"E508A",920,17,16,0,0,0,0,3.5,9,0,0,1,0,0,0,0,26.5,0,17,0,0,0,0,0,0,0,0,0,0,0,0,0,0,0,0,0,0
"S209",341,59.5,0,1,0,0,0,0,0,0,1.5,31,0,1,0,0,4.5,0,29,0,0,0,0,0,2.5,0,0,0,0,0,0,0,0,0,0,0,0
"S209",342,34.5,0,0,0,0,0,0,0,2,0,40,0,0,0,0,38.5,0,18.5,0,0,0,0,0,16,0,0,0,0,0,0,0,0,0,0,0,0
"S209",343,30,0,0,0,0,0,0,0,1,1.5,22.5,0,0,0,0,9.5,0,13.5,0,0,0,0,0,21,0,0,0,0,0,0,0,0,0,0,0,0
"S209",344,25,0.5,0,0,0,0,0,0,0,4,16,0,0,0,0,9.5,0,30.5,0,0,0,0,0,9,0,0,0,0,0,0,0,0,0,0,0,0
"S209",345,32.5,0.5,1.5,0,0,0,0,0,0,1.5,10,0,0,0,0,1,0,32.5,0,0,0,0,0,0,0,0,0,0,0,0,0,0,4.5,0,0,0
"S209",346,0,0,19,0,0,0,0,0,0,1,7.5,0,0,0,0,6.5,0,41,0,0,0,0,0,1,0,0,0,0,0,0,0,0,0,0,0,2
"S209",347,39.5,3.5,1,0,0,0,0,0,0,0.5,10.5,0,0,0,0,18.5,0,9,0,0,0,0,0,5,0,0,0,0,0,0,0,0,0,0,0,0
"S209",348,21,0,0.5,0,0,0,0,0,0.5,1.5,8.5,0,0,0,0,29.5,0,9.5,0,0,0,0,0,17.5,0,0,0,0,0,0,0,0,0,0,0,0
"S209",349,10,0.5,0.5,0,0,0,0,0,4.5,2.5,10,0,0,0,0,24,0,12,0,0,0,0,0,7,0,0,0,0,0.5,0,0,0,0,0,0,0
"S209",350,30.5,0.5,0.5,0,0,0,0,0,1.5,4.5,8,0,0,0,0,36.5,0,9,0,0,0,0,0,10,0,0,0,0,0,0,0,0,0,0,0,0
"S209",351,25.5,0.5,0.5,0,0,0,0,0,0,0,21.5,0,0,0,0,4,0,11.5,0,0,0,0,0,14,0,0,0,0,0,0,0,0,0,0,0,0
"S209",352,38.5,2,0,0,0,0,0,0,0,1.5,22,0,0,0,0,1.5,0,11.5,0,0,0,0,0,17.5,0,0,0,0,0,0,0,0,0,0,0,0
"S209",353,26,0.5,0.5,0,0,0,0,0,1,5,13.5,0,0,0,0,14,0,5.5,0,0,0,0,0,19.5,0,0,0,0,0,0,0,0,0,0,0,0
"S209",354,34.5,2.5,1,0,0,0,0,0,0,1.5,14,0,0,0,0,24,0,3,0,0.5,0,0,0,5.5,0,0,0,0,0,0,0,0,0,0,0,0
"S209",355,21,0,17.5,0,0,0,0,0,1,3,5,0,0,0,0,1.5,0,32,0,0,0,0,0,3,0,0,0,0,0,0,0,0,0,0,0,0.5
"S209",356,18.5,2.5,15,0,0,0,0,0,0.5,7,4,0,0.5,0,0,9.5,0,14.5,0,0,0,0,0,1.5,5.5,0,0,0,0,0,0,0,0,0,0,3
"S209",357,20.5,1.5,0.5,0,0,0,0,0,0.5,2.5,15,0,0,0,0,23.5,0,12.5,0,0,0,0,0,12,6,0,0,0,0,0,0,0,0,0,0,0
"S209",358,45,1,0,0,0,0,0,0,0,5,9,0,0,0,0,10.5,0,9,0,0,0,0,0,5,1.5,0,0,0,0,0,0,0,0,0,0,0
"S209",359,37.5,9,1,0,0,0,0,0,1,0.5,15,0,0,0,0,12.5,0,4,0,0,0,0,0,5.5,0,0,0,0,0,0,0,0,0,0,0,0
"S209",360,31.5,2,0.5,0,0,0,0,0,0.5,0.5,7,0,0,0,0,34.5,0,5.5,0,0,0,0,0,14,1.5,0,0,0,0,0,0,0,0,0,0,0
"E403B",801,1,62.5,0.5,0,0,0,7,0,0,0,0,0,0,0,0,1.5,0,3.5,0,0,0,0,0,0,0,0,0,0,0,0,0,0,0,0,0,0
"E403B",802,0,82,2,0,0,0,17,0,0,0,0,0,0,0,0,0,0,24,0,0,0,0,0,0,0,0,0,0,0,0,0,0,0,0,0,0
"E403B",803,0,59,3,0,0,0,1.5,0,0,0,5,0,0,0,0,4.5,0,8,0,0,0,0,0,0,0,0,0,0,0,0,0,0,0,0,0,0
"E403B",804,0,20.5,0,0,0,0,2.5,0,0,0,0.5,0,0,0,0,27,0,6,0,0,0,0,0,0,0,0,0,0,0,0,0,0,0.5,0,0,0
"E403B",805,17,3,0,0,0,0,0.5,0,0,0,4,0,0,0,0,39,0,22,0,0,0,0,0,0,0,0,0,0,0,0,0,0,0,0,0,0
"E403B",806,24,6.5,0,0,0,0,11,0,0,0,0,0,0,0,0,42,0,12,0,0,0,0,0,0,0,0,0,0,0,0,0,0,0,0,0,0
"E403B",807,18.5,28.5,0,0,0,0,1.5,0,0,0,0,0,0,0,0,6,0,3.5,0,0,0,0,0,0,0,0,0,0,0,0,0,0,1,0,0,0
"E403B",808,0,6,0.5,0,0,0,6.5,0,0,0,0,0,0,0,0,34,0,2,0,0,0,0,0,0,0,0,0,0,0,0,0,0,0,0,0,0
"E403B",809,0,23,1,0,0,0,14,0,0,0,0.5,0,0,0,0,21.5,0,6.5,0,0,0,0,0,0,0,0,0,0,0,0,0,0,0,0,0,0
"E403B",810,37,15.5,0.5,0,0,0,10,0.5,0,0,0,0,0,0,0,3.5,0,2,0,0,0,0,0,0,0,0,0,0,0,0,0,0,0,0,0,0
"E403B",811,11,7,0,0,0,0,4,0,0,0,0.5,0,0,0,0,39,0,4,0,0,0,0,0,0,0,0,0,0,0,0,0,0,0,0,0,0
"E403B",812,6.5,5,2,0,0,0,1,0,0,0,0,0,0,0,0,38.5,0,5.5,0,0,0,0,0,0,0,0,0,0,0,0,0,0,0,0,0,0
"E403B",813,29,3.5,0.5,0,0,0,3.5,0,0,0,0,0,0,0,0,33.5,0,4.5,0,0.5,0,0,0,0,0,0,0,0,0,0,0,0,0,0,0,0
"E403B",814,16,6,0.5,1.5,0,0,5,0,0,0,0,0,0,0,0,13,0,9.5,0,0,0,0,0,0,0,0,0,0,0,0,0,0,0,0,0,0
"E403B",815,10,69,0.5,0,0,0,7,0,0,0,0,0,0,0,0,3.5,0,4,0,0,0,0,0,0,0,0,0,0,0,0,0,0,0,0,0,0
"E403B",816,26.5,30,0,0,0,0,17,0,0,0.5,0,0,0,0,0,2.5,0,4,0,0,0,0,0,0,0,0,0,0,0,0,0,0,0,0,0,0
"E403B",817,0,3.5,2,0,0,0,2,0,0,0.5,2.5,0,0,0,0,63.5,0,8.5,0,0,0,0,0,0,0,0,0,0,0,0,0,0,0,0,0,0
"E403B",818,10.5,5,1,0,0,0,0.5,0,0,1,3,0,0,0,0,29.5,0,14.5,0,0,0,0,0,0,0,0,0,0,0,0,0,0,0,0,0,0
"E403B",819,16.5,26,0.5,0,0,0,1,0,0,0,0,0,0,0,0,0,0,20.5,0,0,0,0,0,0,0,0,0,0,0,0,0,0,0,0,0,0
"E403B",820,0,45.5,1,0,0,0,3,0,0,0,0,0,0,0,0,0,0,20,0,0,0,0,0,0,0,0,0,0,0,0,0,0,0,0,0,0
"S411",921,0,14.5,13.5,0,0,0,0.5,0,0,1,3.5,0,0,0,0,2,0,19,0,0,0,0,0,0,0,0,0,0,0,0,0,0,0,0,0,0
"S411",922,7,17.5,0,0,0,0,0.5,0,0,0.5,10.5,0,2,0,0,16,0,3,0,0,0,0,0,0,0,0,0,0,0,0,0,0,0,0,0,0
"S411",923,0,11,0,0,0,0,0,0,0,3.5,6,0,0.5,0,0,45,0,2.5,0,0,0,0,0,0,0,0,0,0,0,0,0,0,0,0,0,0
"S411",924,15,10,12,0,0,0,0,0,0,0.5,9.5,0.5,0,0,0,14.5,0,25,0,0,0,0,0,0,0,0,0,0,0,0,0,0,0,0,0,0
"S411",925,9,9,0,0,0,0,0.5,0,0,0,0,0,0,0,0,14,0,0,0,0,0,0,0,0,0,0,0,0,0,0,0,0,0,0,0,0
"S411",926,18.5,12.5,3,0,0,0,0,0,0,1,1.5,0,1.5,0,0,16,0,0.5,0,0,0,0,0,0,0,0,0,0,0,0,0,0,0,0,0,0
"S411",927,0,24.5,13,0,0,0,0.5,0,0,1.5,4.5,0.5,0.5,0,0,16.5,0,4.5,0,0,0,0,0,0,0,0,0,0,0,0,0,0,0,0,0,0
"S411",928,0,9,0.5,0,0,0,0,0,0,0.5,2.5,0,0.5,0,0,37,0,3.5,0,0,0,0,0,0,0,0,0,0,0,0,0,0,0,0,0,0
"S411",929,0,9,0,0,0,0,0,0,0,0,13,0,1,0,0,54.5,0,0,0,0,0,0,0,0,0,0,0,0,0,0,0,0,0,0,0,0
"S411",930,0,24.5,11,1.5,0,0,0,0,0,0,7,0,0,0,0,16.5,0,6.5,0,0,0,0,0,0,0,0,0,0,0,0,0,0,0,0,0,0
"S411",931,24,39.5,4.5,0,0,0,0,0,0,0,1,0,0,0,0,7.5,0,0,0,0,0,0,0,0,0,0,0,0,0,0,0,0,0,0,0,0
"S411",932,8.5,10,5,0,0,0,0,0,0,0,7.5,0,2.5,0,0,15.5,0,1.5,0,0,0,0,0,0,0,0,0,0,0,0,0,0,0,0,0,0
"S411",933,0,6.5,0,0,0,0,0,0,0,0.5,1.5,0,0,0,0,64.5,0,4.5,0,0,0,0,0,0,0,0,0,0,0,0,0,0,0,0,0,0
"S411",934,0,9.5,0,0,0,0,0,0,0,1,2,0,0,0,0,40.5,0,0,0,0,0,0,0,0,0,0,0,0,0,0,0,0,0,0,0,0
"S411",935,22,20.5,12,0,0,0,0,0,0,0.5,3.5,0,2,0,0,20,0,3,0,0,0,0,0,0,0,0,0,0,0,0,0,0,0,0,0,0
"S411",936,0,22.5,6.5,0,0,0,0.5,0,0,0,5.5,0,2,0,0,20.5,0,0,0,0,0,0,0,0,0,0,0,0,0,0,0,0,0,0,0,0
"S411",937,6.5,19.5,0,0,0,0,0,0,0,0,0,0,0,0,0,56,0,2,0,0,0,0,0,0,0,0,0,0,0,0,0,0,0,0,0,0
"S411",938,15.5,34.5,12.5,0,0,0,0,0,0,0,3,0,0,0,0,4,0,18,0,0,0,0,0,0,0,0,0,0,0,0,0,0,0,0,0,0
"S411",939,0,34,4,0,0,0,0,0,0,1,4.5,1,0,0,0,23,0,10,0,0,0,0,0,0,0,0,0,0,0,0,0,0,0,0,0,0
"S411",940,0,20.5,1,0,0,0,0,0,0,1.5,0.5,0.5,0,0,0,36,0,1.5,0,0,0,0,0,0,0,0,0,0,0,0,0,0,0,0,0,0
"E103B_S3",1021,0,4.5,1.5,0,0,0,11.5,0,0,0,8,0,0,0,0,9.5,0,46,0,0,0,0,0,0,0,0,0,0,0,0,0,0,0.5,2,0,0
"E103B_S3",1022,1.5,6,1,0,0,0,3,0,0,0,12,0,0,0,0,0,0,43,0,0,0,0,0,0,0,0,0,0,0,0,0,0,6.5,0,0,0
"E103B_S3",1023,9.5,3.5,0.5,0,0,0,2.5,0,0,1,18,0,0,0,0,0,0,23,0,0,0,0,0,0,0,0,0,0,0,0,0,0,2,0,0,0
"E103B_S3",1024,8,2.5,0.5,0,0,0,2,0,0,0,20,0,0.5,0,0,1.5,0,15,0,0,0,0,0,0,0,0,0,0,0,0,0,0,9.5,9,0,0
"E103B_S3",1025,21,0.5,0.5,0,0,0,4.5,0,0,0,48.5,0.5,0,0,0,5.5,0,32.5,0,0,0,0,0,0,0,0,0,0,0,0,0,0,2.5,1.5,0,0
"E103B_S3",1026,10,1,0,0,0,0,17.5,0,0,0,13.5,0,0,0,0,0,0,22,0,0,0,0,0,0,0,0,0,0,0,0,0,0,2.5,0,0,0
"E103B_S3",1027,33,0.5,0,0,0,0,8,0,0,0,26,0,0,0,0,1,0,19.5,0,0,0,0,0,0,0,0,0,0,0,0,0,0,0,0,0,0
"E103B_S3",1028,19,5.5,0,0,0,0,4.5,0,0,0,1,0,0,0,0,3,0,26.5,0,0.5,0,0,0,0,0,0,0,0,0,0,0,0,0,0,0,0
"E103B_S3",1029,18.5,4.5,0.5,0,0,0,3,0,0,0,2,0,0,0,0,39,0,25,0,1.5,0,0,0,0,0,0,0,0,0,0,0,0,0,0,0,0
"E103B_S3",1030,0,12,0.5,0,0,0,3,0,0,0,22.5,0,0,0,0,32.5,0,12,0,0,0,0,0,0,0,0,0,0,0,0,0,0,0,0,0,0
"E103B_S3",1031,20,26.5,2.5,0,0,0,4.5,0,0,0,8,0,0,0,0,0,0,24,0,0.5,0,0,0,0,0,0,0,0,0,0,0,0,4.5,0,0,0
"E103B_S3",1032,18,2,0,0,0,0,1,0,0,0,9.5,0,0,0,0,0,0,8.5,0,0,0,0,0,0,0,0,0,0,0,0,0,0,0.5,0,0,0
"E103B_S3",1033,14,10,14.5,0,0,0,1.5,0,0,0,14,0,0,0,0,3,0,8.5,0,0.5,0,0,0,0,0,0,0,0,0,0,0,0,1,0,3,0.5
"E103B_S3",1034,4.5,23,18,0,0,0,2,0,0,0.5,6,0,0,0,0,1.5,0,24.5,0,0,0,0,0,0,0,0,0,0,0,0,0,0,4.5,0,6.5,3
"E103B_S3",1035,0,53.5,4,0,0,0,0.5,0,0,0,12.5,0,0,0,0,3,0,4.5,0,0,0,0,0,0,0,0,0,0,0,0,0,0,0,0,0,11
"E103B_S3",1036,4,20,22.5,0,0,0,5,0,0,0,7.5,0,0,0,0,0,0,9.5,0,0,0,0,0,0,0,0,0,0,0,0,0,0,0,0,0,0
"E103B_S3",1037,0,5.5,25.5,0,0,0,5,0,0,0,5.5,0,0,0,0,0,0,19.5,0,0,0,0,0,0,0,0,0,0,0,3.5,0,0,0,0,0,3.5
"E103B_S3",1038,6,7,10,0,0,0,4,0,0,0,0,0,0,0,0,7.5,0,13.5,0,0,0,0,0,0,0,0,0,0,0,2.5,0,0,0,0,0,13.5
"E103B_S3",1039,13.5,2.5,5,0,0,0,3,0,0,0,13,0,0,0,0,0,0,15.5,0,0,0,0,0,0,0,0,0,0,0,0,0,0,0,0,0,7
"E103B_S3",1040,7.5,6,8.5,0,0,0,2.5,0,0,0,5,0,0,0,0,0,0,18.5,0,3,0,0,0,0,0,0,0,0,0,0,0,0,0,0,0,13
"E503-S4",861,12.5,36.5,0,0,0,0,4.5,0,0,0.5,0,0,0,0,0,29.5,0,16,0,0,0,0,0,0,0,0,0,0,0,0,0,0,0,0,0,0
"E503-S4",862,49,19.5,0,0,0,0,0.5,0,0,0,0,0.5,0,0,0,5.5,0,2.5,0,0,0,0,0,0,0,0,0,0,0,0,0,0,0,0,0,0
"E503-S4",863,0,27,0,0.5,0,0,1,0,0,0,0,0,0,0,0,48.5,0,1,0,0,0,0,0,0,0,0,0,0,0,0,0,0,0,0,0,0
"E503-S4",864,18,14,0.5,0,0,0,0,0,0,0,0,0,0,0,0,21,0,6.5,0,0,0,0,0,0,0,0,0,0,0,0,0,0,0,0,0,0
"E503-S4",865,39.5,12.5,0,0,0,0,1,0,0,0,1.5,0,0,0,0,30,0,0,0,0,0,0,0,0,0,0,0,0,0,0,0,0,0,0,0,0
"E503-S4",866,52.5,14,0.5,0,0,0,0,0,0,0,0,0,0,0,0,4.5,0,4,0,0,0,0,0,0,0,0,0,0,0,0,0,0,0,0,0,0
"E503-S4",867,22.5,26,0.5,0,0,0,1,0,0,0,0,0,0,0,0,18,0,7,0,0,0,0,0,0,0,0,0,0,0,0,0,0,0,0,0,1.5
"E503-S4",868,7,17,0,0,0,0,0.5,0,0,0,0,0,0,0,0,24.5,0,0,0,0,0,0,0,0,0,0,0,0,0.5,0,0,0,0,0,0,0
"E503-S4",869,33,22,2,0,0,0,0.5,0,0,0,0,0,0,0,0,44.5,0,5,0,0,0,0,0,0,0,0,0,0,0,0,0,0,0,0,0,0
"E503-S4",870,7,21.5,0,0,0,0,1.5,0,0,0,0,0,0,0,0,42,0,4.5,0,0,0,0,0,0,0,0,0,0,0,0,0,0,0,0,0,0
"E503-S4",871,8,24,0,0,0,0,0,3,0,0,0,0,0,0,0,22.5,0,9.5,0,0,0,0,0,0,0,0,0,0,0,0,0,0,0,0,0,0
"E503-S4",872,13.5,33,0,0,0,0,0.5,0,1,0,0,0,0,0,0,16.5,0,32,0,0,0,0,0,0,0,0,0,0,0,0,0,0,0,0,0,0
"E503-S4",873,4.5,20,1.5,0,0,0,1,0.5,0,0,0,0,0,0,0,0,0,29.5,0,0,0,0,0,0,0,0,0,0,0,0,0,0,2,0,0,0
"E503-S4",874,17.5,49,1.5,0,0,0,0,0,0,0,1,0,0,0,0,0,0,61.5,0,0,0,0,0,0,0,0,0,0,0,0,0,0,0,0,0,0
"E503-S4",875,13.5,18.5,0,0,0,0,0,1.5,0,0.5,2,0,0,0,0,0,0,35,0,0,0,0,0,0,0,0,0,0,0,0,0,0,7.5,0,0,0
"E503-S4",876,21.5,10.5,3.5,0,0,0,0.5,0.5,0,0,3.5,0,0,0,0,0,0,54.5,0,0,0,0,0,0,0,0,0,0,0,0,0,0,0,0,0,0
"E503-S4",877,17,9.5,0,0,0,0,0.5,0,0.5,0,0.5,0,0,0,0,0,0,23,0,0,0,0,0,0,0,0,0,0,0,0,0,0,1.5,0,0,0
"E503-S4",878,0,9.5,0,0,0,0,0.5,0.5,0,0,8,0,0,0,0,7.5,0,44,0,0,0,0,0,0,0,0,0,0,0,0,0,0,3,0,0,0
"E503-S4",879,2.5,5,0,0,0,0,0,1,0,0,4.5,0,0,0,0,0,0,36,0,0,0,0,0,0,0,0,0,0,0,0,0,0,0,0,0,0
"E503-S4",880,2,2,0,0,0,0,0.5,0,0,0,3.5,0,0,0,0,4.5,0,30.5,0,0,0,0,0,0,0,0,0,0,0,0,0,0,2,0,0,0
"E507B-S4",21,9.5,4.5,0.5,0,0,0,0,0,0,0,0,0,0,0,0,49.5,0,5.5,0,0,0,0,0,0,0,0,0,0,0,0,0,0,0,0,0,0
"E507B-S4",22,12.5,3,0,0,0,0,0,0,0,0,0,0,0.5,0.5,0,27.5,0,1,0,0,0,0,0,0,0,0,0,0,0,0,0,0,0,0,0,0
"E507B-S4",23,22.5,7,0,0,0,0,0.5,1,0,0,0,0,0,0,0,34,0,7.5,0,0,0,0,0,0,0,0,0,0,0,0,0,0,0,0,0,0
"E507B-S4",24,33,9.5,0,0,0,0,0.5,1,0,0,0.5,0,0,0,0,72.5,0,0,0,0,0,0,0,0,0,0,0,0,0,0,0,0,0,0,0,0
"E507B-S4",25,15.5,4.5,0,0,0,0,1.5,0,0,0.5,0,0,0,0,0,39.5,0,0,0,0,0,0,0,0,0,0,0,0,0,0,0,0,0,0,0,0
"E507B-S4",26,3.5,1.5,0.5,0,0,0,0.5,0,0,0,0,0,0,0,0,55,0,5.5,0,0,0,0,0,0,0,0,0,0,0,0,0,0,0,0,0,0
"E507B-S4",27,10.5,2.5,0,0,0,0,0.5,0,0,0,0.5,0,0,0,0,68.5,0,0,0,0,0,0,0,0,0,0,0,0,0,0,0,0,0,0,0,0
"E507B-S4",28,0,16,0,0,0,0,0,0,0,0,0,0,0,0,0,46,0,14,0,0,0,0,0,0,0,0,0,0,0,0,0,0,0,0,0,0
"E507B-S4",29,15,5,0,0,0,0,0,1.5,0,0,0,0,0,0,0,45.5,0,9.5,0,0,0,0,0,0,0,0,0,0,0,0,0,0,0,0,0,0
"E507B-S4",30,17.5,10.5,0,0,0,0,0,0,0,0,0,0,0,0,0,70,0,6.5,0,0,0,0,0,0,0,0,0,0,0,0,0,0,0,0,0,0
"E507B-S4",31,2,15,11.5,0,0,0,0,0,0,4.5,5,4.5,0,0,0,9,0,23.5,0,0,0,0,0,0,0,0,0,0,0,0,0,0,0,0,0,0
"E507B-S4",32,23.5,4,0,0,0,0,0.5,0,0,0,0,0,0,0,0,57.5,0,1.5,0,0,0,0,0,0,0,0,0,0,0,0,0,0,0,0,0,0
"E507B-S4",33,18,32,8,0,0,0,0,0,0,0.5,1.5,0,0,0,0,17,0,5.5,0,0,0,0,0,0,0,0,0,0,0,0,0,0,0,0,0,0
"E507B-S4",34,17,14,1,0,0,0,1.5,0,0,0,0,0,0,0,0,33.5,0,8.5,0,0,0,0,0,0,0,0,0,0,0,0,0,0,0,0,0,0
"E507B-S4",35,26,16,0,0,0,0,0.5,0,0,0,0,0,0,0,0,30.5,0,2,0,0,0,0,0,0,0,0,0,0,0,0,0,0,0,0,0,0
"E507B-S4",36,7,11.5,0,0,0,0,0.5,2,0,0,0,0,0,0,0,43,0,10.5,0,0,0,0,0,0,0,0,0,0,0,0,0,0,0,0,0,0
"E507B-S4",37,11.5,11,0,0,0,0,0,0,0,0,0,0,0,0,0,37.6,0,2.5,0,0,0,0,0,0,0,0,0,0,0,0,0,0,0,0,0,0
"E507B-S4",38,0,1,0,0,0,0,0.5,6,0,0,0.5,0,0,0,0,87.5,0,3.5,0,0,0,0,0,0,0,0,0,0,0,0,0,0,0,0,0,0
"E507B-S4",39,11,5,0,0,0,0,1,0,0,0,0,0,0,0,0,78,0,2,0,0,0,0,0,0,0,0,0,0,0,0,0,0,0,0,0,0
"E507B-S4",40,18,11.5,0,0,0,0,0.5,0.5,0,0,0,0,0,0.5,0,59.5,0,0,0,0,0,0,0,0,0,0,0,0,0,0,0,0,0,0,0,0
"A314",961,25.5,3.5,0,0,0,0,0,0,0,0.5,3.5,0.5,0,0,0,47,0,3.5,0,0,0,0,0,7.5,0,0,0,0,0,0,0,0,0,0,0,0
"A314",962,29,7,1.5,0,0,0,0,0,0,0,8.5,0,0,0,0,36.5,0,13,0,0,0,0,0,12.5,0,0,0,0,0,0,0,0,0,0,0,0
"A314",963,12.5,2,0,0,0,0,0,0,0,1,16,1.5,0,0,0,14,0,5.5,0,0,0,0,0,26,0,0,0,0,0,0,0,0,0,0,0,0
"A314",964,22.5,3,0,0,0,0,1,0,0,2.5,7.5,2,0,0,0,32,0,5.5,0,0,0,0,0,29,0,0,0,0,0,0,0,0,0,0,0,0
"A314",965,16.5,5,1.5,0,0,0,0,0,0,1,8,0.5,6,0,0,14.5,0,3,0,0,0,0,0,22.5,0,0,0,0,0,0,0,0,0,0,0,0
"A314",966,13.5,3,0.5,0,0,0,0,0,0,0.5,10,0,2,0,0,29.5,0,2.5,0,0,0,0,0,40,0,0,0,0.5,0,0,0,0,0,0,0,0
"A314",967,25,1,0,0,0,0,0,0,0,0,7.5,0.5,5,0,0,24,0,2.5,0,0,0,0,0,18,0,0,0,0,0,0,0,0,0,0,0,0
"A314",968,28,4.5,0.5,0,0,0,0,0,0,0,7,1.5,1.5,0,0,46,0,5,0,0,0,0,0,0,0,0,0,0,0,0,0,0,0,0,0,0
"A314",969,16.5,0.5,0,0,0,0,0,0,0,0,4.5,4,6.5,0,0,20.5,0,5.5,0,0,0,0,0,25,0,0,0,0,0,0,0,0,0,0,0,0
"A314",970,12,3.5,0,0,0,0,0,0,0,0,0.5,0,0,0,0,51.5,0,0,0,0,0,0,0,4.5,0,0,0,0,0,0,0,0,0,0,0,0
"A314",971,22,2,0,0,0,0,0,0,0,0,4.5,0.5,0.5,0,0,39.5,0,7.5,0,0,0,0,0,9.5,0,0,0,0,0,0,0,0,0,0,0,0
"A314",972,8,1.5,1,0,0,0,0,0,0,0,6.5,0.5,2,0,0,35,0,5,0,0,0,0,0,28.5,0,0,0,0,0,0,0,0,0,0,0,0
"A314",973,17.5,0.5,0,0,0,0,0,0,0,0,5.5,0,0,0,0,14,0,4,0,0,0,0,0,33.5,0,0,0,0.5,0,0,0,0,0,0,0,0
"A314",974,38.5,1.5,3.5,0,0,0,0.5,0,0,0,8.5,0.5,0,0,0,13.5,0,13,0,0,0,0,0,31,0,0,0,8.5,0,0,0,0,0,0,0,0
"A314",975,8.5,7,0,0,0,0,0,0,0,1,9,0.5,3,0,0,57,0,4.5,0,0,0,0,0,17,0,0,0,0.5,0,0,0,0,0,0,0,0
"A314",976,17.5,7.5,0,0,0,0,0,0,0,1,6.5,0,4,0,0,50,0,6,0,0,0,0,0,14.5,0,0,0,0,0,0,0,0,0,0,0,0
"A314",977,12,5,0,0,0,0,1,0,0,0,2,0,1,0,0,36.5,0,4,0,0,0,0,0,27.5,0,0,0,0,0,0,0,0,0,0,0,0
"A314",978,7.5,2,0.5,0,0,0,0.5,0,0,0.5,3,0,0,0,0,5.5,0,9,0,0,0,0,0,18.5,0,0,0,0,0,0,0,0,0,0,0,0
"A314",979,13,1,0,0,0,0,0.5,0,0,0.5,3,0,1.5,0,0,16,0,16,0,0,0,0,0,14,0,0,0,0,0,0,0,0,0,0,0,0
"A314",980,11,2,0,0,0,0,0,0,0,1,0.5,0,0,0,0,8,0,18.5,0,0,0,0,0,25.5,0,0,0,0,0,0,0,0,0,0,0,0
