"siteName","PlotNo","bunchgrass","dead.woody","forb","grass","palmetto","shrub","subshrub","understory","vine"
"E807D",1,0,1.18225,0,0,3.46985,0,0.0631,0,0.269738997099047
"E807D",2,0,0.649225,0,0,0,14.4754,0,0,0
"E807D",3,0,1.956175,0,0,3.639425,0.713825,0.388,0,0
"E807D",4,0.0257,0.43005,0,0,1.046725,0,1.4283,0,0.0231171156237049
"E807D",5,0.0413,0,0,0,0,0,1.4817,0,0
"E807D",6,0.3413,0.35055,0,0,0,0.718675,0.5431,0,0.0901095731454621
"E807D",7,0,0,0,0,0,0.6344,0.5004,0,0
"E807D",8,0,0.1013,0,0,0,0,0.6165,0,0.180042229589723
"E807D",9,0,1.497475,0,0,0,2.243275,0.7356,0,0.0638669291338583
"E807D",10,0,0.316375,0,0,0.553075,1.0315,0.242,0,0
"E807D",11,0,0.34105,0,0,0,1.902,3.0327,0,0
"E807D",12,0,0.3182,0,0.0814,0,0.5137,3.0137,0,0
"E807D",13,0,1.764325,0,0,0,0.7998,0.4093,0.745275,0.303117281392458
"E807D",14,0.3837,0.147325,0,0,0,0.38885,0.6115,0,0.0334962287608786
"E807D",15,0.2677,0.0577,0,0,0,1.2579,0.1665,0,0
"E807D",16,0.0492,0.1604,0,0,0,2.344,0,0,0.290320306672192
"E807D",17,0.5143,0,0,0.5044,0,0,0,0,0
"E807D",18,0.465,0.59025,0,0.0384,0,4.6191,0,0,0.061095234148363
"E807D",19,0.0306,0.08345,0,0,0,4.8698,0.0073,0,0.534996104434314
"E807D",20,0.059,2.183525,0,0.0656,1.238025,6.7219,0,0.160425,0
"S330",101,0.2035,0.006075,0,0.062,0,1.6738,1.6385,0,0.207671022290546
"S330",102,2.0258,0.16025,0,0.0135,0,1.357125,1.0192,0,0.153457955418909
"S330",103,0.1631,0.007925,0.0353,0.1134,0,0,1.5187,0,0.077967717140661
"S330",104,0,1.1906,0,0.0555,2.193275,1.8316,0.456,0,0.0128245964642583
"S330",107,0,0.022725,0,0,0,3.9688,0,0,0.0123873943120676
"S330",108,0,0.018125,0,0.2843,0,0.0344,0.4228,0,0
"S330",109,0,0.0476,0,0.0808,0,0,1.1473,0,0.0358505764796311
"S330",110,0.6853,1.09565,0.2913,0.4113,1.115375,0.2429,0.2088,0,0.204319139123751
"S330",111,0.0057,0,0.0612,0.5276,0,0.5893,0,0,0.00670376633358955
"S330",112,0,0.009075,0.0314,0.0081,0,0.3303,1.4173,0,0.0329358954650269
"S330",113,0.0473,1.032625,0,0,1.728,0,2.5122,0,0.0623741737125288
"S330",114,0.183,0.039,0.0292,0.0708,0,1.743775,0.079,0.633875,0.0103471176018447
"S330",115,0,0,0.0507,0.1268,0,1.366325,0.1434,0.6265,0
"S330",116,1.013,0,0,0.0409,0,0.0049,0.131,0,0
"S330",117,0,0,0,0.0717,0,1.0451,1.1204,0.254175,0.0142819369715603
"S330",118,0,0,0,0,0,7.79455,0,0,0
"S330",119,0,0.06405,0.0163,0.0403,0,2.337,0,0,0.0018945426594927
"S330",120,0,0,0.0024,0,0,2.8394,0,0,0.114984166026134
"E100B-E",141,0.7999,0,0,0.2266,0,6.124675,0.841,0,0.167398384684415
"E100B-E",142,1.6704,0,0,0,0,0.617925,0,11.5182,0
"E100B-E",143,0,0,0.3724,0,0,4.913425,0,0,0.288981034998504
"E100B-E",144,0,0,0,0,0,0.6724,0,0.604025,1.97513682321268
"E100B-E",145,0,0.80215,0,0,0.8763,2.245725,0,0.123525,0.002425
"E100B-E",146,0,0,0,0,0,0.8766,0.3956,0.05335,0
"E100B-E",147,0.11,0,0.0292,0,0,0.48665,0.6521,0,0.0640806012563566
"E100B-E",148,0,0.5473,0,0,0.676875,0.9926,0,0,0.875012144780137
"E100B-E",149,0,0,0,0.1985,0,0.547,3.9898,0,0
"E100B-E",150,0,0,0,0.2546,0,2.599,0.2385,1.41695,0.01435
"E100B-E",151,0,0.02405,0,0,0,1.304025,1.2973,0,0
"E100B-E",152,1.1894,0.4464,0.4669,0,0,2.297675,0,0,0.132523721208495
"E100B-E",153,0,0.63565,0.1215,0,0,0,0,3.683875,0
"E100B-E",154,0.9075,0,0,0,0,0.165675,0.2889,0,0.0705699072689201
"E100B-E",155,0,1.02935,0.0633,0,1.437025,0.7302,0,0.447075,0.379244869877356
"E100B-E",156,0,0.29485,0,0,0,1.6633,0,6.4165,0.362286209991026
"E100B-E",157,0,0.476425,0.8621,0,0,2.797575,0.0953,0.2432,0.554712294346395
"E100B-E",158,0.3559,1.5369,0.0738,0,0,3.0527,0.1413,1.1711,1.66427364642537
"E100B-E",159,0.7961,2.004575,0.1318,0,0,4.50715,0.1247,0.812225,0.0521068501346096
"E100B-E",160,0.1146,0.7192,0.1282,0,0,7.026475,0.1728,1.434825,0.306623511815734
"A319",321,0,0.51495,0.1654,0,0.6492,0.5088,1.7913,0,0.0517871580765909
"A319",322,0,0.955275,0,0,1.859625,0.297575,1.3955,0,0.0159684422689318
"A319",323,0,1.284075,0,0,1.441725,1.56595,1.7182,0,0.00335249064209616
"A319",324,0,0.766675,0,2.1106,1.742175,0.363125,0,0,0
"A319",325,0,0.5049,0.1282,0,0,0.0411,3.2561,0.9547,0.0112043766196372
"A319",326,0.0484,0,0.1345,0.0367,0,0,3.8784,0,0.00838122660524042
"A319",327,0.0179,0.957025,0.016,0,0.980525,0.2142,2.4183,0,0
"A319",328,0,1.249725,0.0569,0,1.6445,1.85395,1.495,0,0
"A319",329,0,0.057025,0,0,0,0.422325,3.5956,0,0.075254592571264
"A319",330,0.0488,0,0.1162,0,0,0.897,1.4586,0,0.0444646127267492
"A319",331,0,0.604125,0,0,0,3.06535,0.8275,0.55185,0.00864589691909012
"A319",332,0.153,0,0.0264,0,0,0.037825,1.9452,0.10635,0.0107632594298877
"A319",333,0.0351,0.928975,0.041,0.00739999999999999,1.008125,1.21735,0.8086,0,0.033260236107112
"A319",334,0.1122,0.919375,0.0333,0,1.65265,0.186225,1.368825,0,0.00370538439389578
"A319",335,0.0134,0.31325,0.1042,0,0,4.408525,0.083,0.1112,0.00149979844514829
"A319",336,0.0465,0.9455,0.4296,0,1.0555,0,0.445,0,0.00273492657644688
"A319",337,0,0.777175,0.0684,0.1263,0.849325,2.214225,1.102,0,0
"A319",338,0.00899999999999999,1.571725,0.219,0,1.77955,0.9067,0.856,0.533825,0
"A319",339,0,0.467275,0,0,0.674325,4.67675,0,0,0.0138510797581342
"A319",340,0.0291,0.224725,0.1017,0,0.259475,0.886375,1.2971,0,0.00211736251079758
"S209",341,0,0.24245,0,0,0.636125,1.354425,1.842,0,0
"S209",342,0.1033,0.571575,0.148,0,1.6578,1.968975,1.9788,0,0
"S209",343,0,0.2441,0,0,1.16045,2.962525,1.6502,0,0
"S209",344,1.0065,0,0,0,0,2.2223,0.2138,0,0
"S209",346,0.6311,0.236775,0.0054,0,0,2.119525,0.8298,0,0
"S209",347,0.2108,0,0.4848,0,0,0.16595,2.0679,0,0
"S209",348,0.1016,0.3852,0.3414,0,1.38215,0.9285,3.0776,0,0
"S209",349,0.0396,0.381475,0.1323,0,1.8768,1.907275,1.1713,0,0
"S209",350,0,0.805225,0.0915,0.0296,1.86795,1.97255,0.972,0,0
"S209",351,0.0271,0.484275,0.1494,0,2.34785,2.668475,0.7904,0,0
"S209",352,0.2805,0.9456,0.2942,0,1.645725,1.52265,2.0818,0,0
"S209",353,0,0.502375,0.1407,0,1.708575,2.26635,2.0228,0,0
"S209",354,0.1988,0.6676,0.171,0,2.225775,2.440225,0.5505,0,0
"S209",355,0.206,0.39225,0.0222,0,1.415925,3.008225,4.2404,0,0
"S209",357,0,1.300525,0,0,4.31355,1.52305,1.8637,0,0
"S209",358,0.428,0.5277,0.2003,0,3.8283,0.989175,2.5544,0,0
"S209",359,0.5019,0.182275,0.067,0,1.39555,0.323525,2.9348,0,0
"S209",360,0.2119,0.32805,0.1663,0,1.5607,1.67395,0.5245,0,0
"E807B",501,0,0,0,1.5943,0,1.000275,0.004975,0,0.72698430583501
"E807B",502,1.6221,0,0,0,0,1.5687,0.024075,0.04675,1.43086237424547
"E807B",503,1.7466,0,0,0.3566,0,2.919,0.00275,0,0.272101810865191
"E807B",504,0,0,0,0,0,0.2429,0,2.414,0.0996672032193159
"E807B",505,0,0.708425,0,0,0.961375,0,0.111925,0,0.353490945674044
"E807B",506,0,0.574525,0,0,0.9824,5.200725,1.534375,0,0
"E807B",507,0,0,0,0,0,0.8135,0.9337,0,0
"E807B",508,0,0.2268,0,0,0.66335,0.054475,0.4099,0,0.0396599597585513
"E807B",509,0,0.234375,0.0683,0.0136,0.28025,0.73945,5.929375,0.006175,0
"E807B",510,0,0.65175,0,0,0.3688,4.1409,4.26965,0,0
"E807B",511,0.2551,0.53935,0,0,0,3.9139,0,1.238225,0.0148293762575453
"E807B",512,0.383,0.0909,0,0.0491,0,0.4299,0.009725,0.019575,0.217957344064386
"E807B",513,0.5592,0.09355,0.2249,0.206,0,0.7444,0,0,0
"E807B",514,0,0.429075,0,0.0741,0.8489,0.0466,1.03865,0,0
"E807B",515,0,0.95855,0,0,2.379975,0.2,0.308825,0,0
"E807B",516,0,0,0,1.5207,0,2.5028,0.14365,0,0.0331074446680081
"E807B",517,0.5301,0.78675,0,0,0,3.9335,0,0.00525,0
"E807B",518,0,0,0,0,0,1.624675,3.69635,0.13015,0
"E807B",519,0,0.73875,0,0,0,1.791025,3.96085,0.023675,0.604900603621731
"E807B",520,0,1.2749,0,0,0.997875,3.3325,0.335275,0,2.03403863179074
"A302",541,0.1499,0.318175,0.2627,0.000699999999999994,0.806925,1.67935,0.0017,0,0
"A302",542,0.4865,0.075275,0.0266,0,0.1868,0.7168,0.8812,0,0
"A302",543,0.5505,0.1693,0.3434,0.0249,0.458575,0.1113,1.2714,0,0.00355188606620477
"A302",544,0.0919,0.0018,0.1686,0,0,0.34445,1.3728,0,0.000413010007698228
"A302",545,0.9534,0.023675,0.1431,0.009,0,0,1.6193,0,0.00280846805234796
"A302",546,0.1554,0.13035,0.2745,0,1.0572,0.5444,0.7784,0,0.000413010007698228
"A302",547,0.6758,0.434125,0.1078,0,1.36785,1.08565,0.8735,0,0.000165204003079296
"A302",548,0.2286,0.276275,0.0967,0,0.2034,2.36515,0.8349,0,0
"A302",549,1.6809,0.036275,0.2619,0.0908,0.11285,0.6404,0.808,0,0.0398141647421093
"A302",550,0.1307,0.080775,0.232,0,0.374675,0.315875,4.8495,0,0.00289107005388761
"A302",551,0.0346,0.342525,0.0423,0,1.445525,0.6106,1.5052,0,0.023789376443418
"A302",552,0.3506,0.305775,0.338,0,0.942475,1.524875,0.2729,0,0.00545173210161663
"A302",553,0.2468,0.367425,0.0059,0.0098,1.469375,0.358275,0.4481,0,0.000578214010777516
"A302",554,1.1309,0.5857,0.0115,0,2.432325,1.70575,1.4433,0,0
"A302",555,0.5366,0.00985,0.1805,0.0132,0,0.166975,0.3838,0,0.000908622016936097
"A302",556,0.1388,0.0322,0.1582,0.0427,0,0.5795,1.1576,0,0.000330408006158584
"A302",557,0.7075,0.169225,0.2105,0.0072,1.28305,0.1473,1.3806,0,0.0178420323325635
"A302",558,0.1244,0.04455,0.2563,0.00319999999999999,0.23235,0,1.1673,0,0.00206505003849115
"A302",559,0.3403,0.009825,0.3047,0.0162,0.257175,0.1415,0.9294,0,0
"A302",560,0.3173,0.12205,0.1905,0.0018,0.836825,0.4381,3.3175,0,0.00627775211701309
"A34",621,0.1737,3.890275,0,0,4.616475,4.2649,0.1323,0,0
"A34",622,0.33,0,0.0543,0,0,1.2403,1.3144,0,0
"A34",623,0.8516,0.78165,0.0163,0,0.8317,1.025,1.0981,0,0
"A34",624,0.9344,0.6095,0.1497,0.1049,0.5048,0,0.6116,0,0
"A34",625,0.2714,0.0819,0,0.186,0,1.694,1.3815,0,0
"A34",626,1.1334,0.3832,0.0983,0.3124,0,0.03735,0.5811,0,0
"A34",627,1.5979,0.34165,0.3135,0.163,0.296175,0.7369,0.9053,0,0
"A34",628,0.2059,0.196775,0.1065,0.2215,0,0.2298,1.0608,0,0
"A34",629,1.1182,0,0.3079,0.2975,0,0,0.4996,0,0
"A34",630,1.1437,0.247175,0,0.8446,0,1.7177,0.2423,0,0
"A34",631,0.5797,0.42865,0.0257,0.0955,0.4544,0,0.5385,0,0
"A34",632,0.1379,0.060825,0,0.2435,0.062375,1.7138,0.5515,0,0
"A34",633,0.6644,0.1031,0.0672,0.9457,0,0.4996,0.4156,0,0
"A34",634,0.8416,0,0.0501,0.4249,0,0.0072,1.9527,0,0
"A34",635,1.7882,0,0.199,2.0082,0,0,0,0,0
"A34",636,1.3572,0.4126,0.2573,0.3701,0.49835,0.0826,0.1245,0,0
"A34",637,1.5497,0,0.2886,0.1213,0,0.1676,0.5539,0,0
"A34",638,0.3172,0,0.2243,0.0778,0,0,0.0251,0,0
"A34",639,0.4957,0.428025,0.119,0.0647,0.41275,0.0752,1.2404,0,0
"A34",640,2.0926,0.43945,0.193,0.4636,0.353725,0,0.4274,0,0
"A18",641,0.8814,0.062175,0,0.7919,0.078775,1.865625,0.7386,0,0.053660593654043
"A18",642,0.9378,0,0.0804,0.4577,0,0.1631,0.1959,0,0
"A18",643,0.386,0,0.0151,0.6369,0,0.4553,0.2963,0,0
"A18",644,0.6357,0,0.3191,0.2156,0,0.241075,0.6862,0,0
"A18",645,0.4204,0.04235,0.1123,0.5315,0,0.572775,0.5585,0,0
"A18",646,0.2127,0,0,0.7854,0,2.0326,0.4528,0,0
"A18",647,0.9603,1.5182,0.118,0,2.133325,0.9343,0.0705,0,0
"A18",648,0.4507,0.07805,0.1598,0.5472,0,3.8879,0.1645,0,0
"A18",649,0.1842,0.2152,0.1058,0,0,5.704325,0.5703,0,0
"A18",650,0.331,0.483675,0.1504,0.2445,0.414925,6.33935,0.1992,0,0
"A18",651,0.2273,0.05395,0.1151,0.0378,0,5.1225,0.3787,0,0
"A18",652,0.4957,0.0136,0,0.0428,0,0.1062,1.9358,0,0.0122814738996929
"A18",653,0.1133,1.21425,0,0.2367,0.85445,1.0021,0.9187,0,0
"A18",654,0.0831,0.017,0.0472,1.2426,0,2.5618,0.6624,0,0
"A18",655,0.4841,0,0.0305,2.5453,0,0.0254,0.7906,0,0
"A18",656,1.0911,0.014825,0.1371,0.4108,0,0,0.4734,0,0.0263579324462641
"A18",657,1.4281,0.038075,0.1948,0.2674,0.0817,0.409,0.5206,0,0
"A18",658,0.5919,0,0,1.4984,0,0.965,0.0405,0,0
"A18",659,0.2898,0,0.0897,1.8845,0,2.8947,0.9045,0,0
"A18",660,0.0515,0.40515,0,1.0826,0.6281,1.9901,1.8361,0,0
"A213",661,0.2658,0.94585,0,0,1.17175,0,2.0898,0,0.0353962264150943
"A213",662,0,0.597325,0,0.0071,0.898825,0,0.8571,0,0
"A213",663,0.0266,0.280575,0,0.0153,0.3458,0.0769,1.2028,0,0
"A213",664,0.0583,1.498825,0,0.0303,0.8865,0.548725,1.6853,0,0
"A213",665,0,1.5055,0,0,1.1888,0.815275,1.4292,0,0
"A213",666,0,0.31895,0,0,0.2817,6.25595,0.292,0,0
"A213",667,0,0.58405,0,0,0.895325,0.1105,0.4013,0,0
"A213",668,0.0323,0.54745,0,0,1.27395,0.1944,1.2357,0,0
"A213",669,0.3915,0.446975,0.0201,0,1.180375,0.076,0.7423,0,0
"A213",670,0,1.0182,0,0,0.5085,0.0208,0.9904,0,0
"A213",671,0.0338,0.553975,0.0042,0,0.990975,0,3.1879,0,0
"A213",672,0.0607,1.3685,0,0,2.079175,0.1842,0.4714,0,0
"A213",673,0.1429,0.58705,0,0,0.80385,0.0079,0.9154,0,0
"A213",674,0.3729,0.17955,0,0,0.399075,0.2078,1.7241,0,0
"A213",675,0.0855,0.28015,0.0165,0,0.2259,0.716125,1.858,0,0
"A213",676,0.0143,0.988025,0.1909,0,1.145875,1.61675,1.1831,0,0
"A213",677,0.0196,0.368575,0,0.0122,0.434125,0,0.508,0,0
"A213",678,0.0728,0.246075,0,0.0114,0.3708,0,1.416,0,0.0316037735849057
"A213",679,0.0657,1.081075,0,0.0108,1.170825,0.0606,2.0916,0,0
"A213",680,0.0694,1.6381,0.0165,0,2.054225,1.28065,0.7008,0,0
"E505",681,1.9894,0,0,0.0263,0,1.012,0.1681,0,0
"E505",682,0.7521,0,0.0416,0.139,0,1.718225,0.1063,0,0
"E505",685,1.5683,2.58285,0,0,0,2.4928,0.2399,2.7482,0
"E505",686,1.1297,0.63405,0,0.0151,0,2.650725,0,0,0.0660752092467118
"E505",687,0,0,0,0,0,1.996825,0.4403,0,0
"E505",688,0.6134,0.001525,0,0,0,0.5713,0,0,0
"E505",689,1.9653,0,0.0244,0,0,1.0009,0,0,0
"E505",690,0.8276,0,0,0.1297,0,0.6242,0.4159,0,0
"E505",691,0.6312,0.662225,0,0,0.2342,3.305075,0.0435,0.01325,0
"E505",692,2.6266,0.158525,0,0.0357,0,0.877825,0.2449,0,0
"E505",693,0.2484,0.0128,0.0429,0,0,0.792175,0.9763,0,0
"E505",694,0.1626,0.107975,0.1229,0,0,0.1806,2.0022,0,0.393272379434037
"E505",695,1.5053,0.009975,0.1932,0,0,0.3099,1.2284,0,0
"E505",696,0.8664,0,0.1134,0.0903,0,0.4521,1.4188,0,0
"E505",697,2.3579,0.2558,0,0.0298,0.380375,0.729425,0,0,0
"E505",698,0.2956,0.00865,0,0,0,1.80175,0.5044,0,0
"E505",699,1.6962,0,0.0774,0.1642,0,0.3795,0,0,0
"E505",700,0.3209,0.03305,0.0485,0,0,6.3743,1.0213,0.038725,0
"E403B",801,0.7049,0.02875,0.0076,0.0475,0,0.37565,0,0,0.237135646163945
"E403B",802,1.677,0.069,0.0075,0,0,0.8755,0,0,0.921667855901772
"E403B",803,1.426,0.02995,0.3239,0.0703,0,0.1227,0.0622,0,0
"E403B",804,0.0744,1.144875,0.109,0,0,1.2165,1.1426,0.309325,0.0271647438125024
"E403B",805,0.149,0.278425,0.0882,0.0492,0,3.669975,0,0,0.0239745781690413
"E403B",806,1.7403,0.006325,0.1397,0,0,0.0419,0,0,0.120162905903703
"E403B",807,0.0643,0.0566,0.055,0,0,1.597525,0.2199,0,0.0815909031236727
"E403B",808,0.5113,0.041125,0,0.0735,0,0.1817,0.055,0,0.682792119386849
"E403B",809,0.8587,0.12915,0.3596,0.2941,0,0.668425,0,0,0.602554619869493
"E403B",810,0.5348,0,0.1299,0.0054,0,0.0953,0.2425,0,0.438792783505155
"E403B",811,1.4742,0,0.1198,0,0,0.2528,0,0,0.070376987528476
"E403B",812,0.0541,0.330725,0.0311,0,0,0.776175,0.944,0,0.177102529055176
"E403B",813,0.5807,0.174975,0.0918,0.1384,0,0.42945,0.4105,0,0.225825058882582
"E403B",814,1.2357,0.0833,0.0726,0,0,0,0,0,0.342701127456658
"E403B",815,0,1.90495,0,0,5.0325,0.0226,0,0,1.32507880227036
"E403B",816,1.4622,0.011975,0,0,0,0,0.033,0,0.985761183829491
"E403B",817,0.3684,0.36015,0.0182,0,0,1.130725,0.2364,0,0.00444689756361249
"E403B",818,1.0758,0,0.00109999999999999,0,0,0,0,0,0
"E403B",819,3.2044,0.1926,0.0994,0.0993,0,1.1425,0,0,0.303645766245801
"E403B",820,2.3154,0.78295,0.5503,0.0801,0,2.39405,0.3371,0,0.940325491331712
"E501B",821,1.1056,0.137,0,0.0371,2.0719,1.53905,0,0,0
"E501B",822,1.4152,2.598275,0,0.7184,2.26185,1.24315,0,0.024175,0
"E501B",823,0.8882,1.4746,0,0,1.65385,2.014975,0.1448,0,0
"E501B",824,0.9276,0,0.0173,0.0558,0,1.5796,0.01435,0,0.0623711111111111
"E501B",825,0,0,0,0.2086,0,1.345575,0.097825,0.00645,0
"E501B",826,0.1666,0,0.1826,0.147,0,0.58845,0.584,0,0.0909069135802469
"E501B",827,2.3323,0,0.0621,0.1634,0,1.239125,0.11165,0,0
"E501B",828,2.6761,0.979225,0.0482,0.0364,1.181075,0.3919,0,0.700925,0
"E501B",829,0,1.761375,0.5024,0.2313,2.12275,0.101275,0,0,0
"E501B",830,0,0,0.0164,0.0797,0,1.8306,0,0,0.013321975308642
"E501B",831,5.1818,2.845125,0,0.0353,2.627925,0.561125,0,0,0
"E501B",832,2.6461,0,0,0.0436,0,3.2811,0.13325,0,0
"E501B",833,2.4189,0,0,0.1945,0,0.577525,0,0,0
"E501B",834,4.2147,0,0,0.1308,0,1.28685,0.3556,0,0
"E501B",835,0,0,0,0.398,0,1.38285,0.0729,0,0
"E501B",836,3.0514,0.019775,0,0.1412,0.034075,0.775925,0,0,0
"E501B",837,1.6506,0,0.0067,0.8735,0,0.91315,0,0,0
"E501B",838,2.7284,0,0.0292,0.0598,0,4.71,0,0,0
"E501B",839,3.1493,0,0.0082,0.1716,0,1.564975,0.2369,0.0503,0
"E501B",840,0,0,0,0.1301,0,11.6226,0,0.233375,0
"E100B-W",841,0.0112,1.40395,0,0.0791,1.079175,0.2938,0.8324,0,0
"E100B-W",842,0,0.31815,0,0,0.03275,0.80155,0.5676,0,0
"E100B-W",843,0,0.305475,0,0,0.9562,0.68725,0.1099,0,0
"E100B-W",844,0,0.59135,0.036,0,0.5656,0.540325,0.0567,0,0
"E100B-W",845,0,1.2849,0.1962,0,1.55785,1.016325,0.1787,0,0
"E100B-W",846,0,0.434375,0,0.0556,0.413725,0.3928,0.1249,0,0
"E100B-W",847,1.0177,0.052125,0,0.0193,0,0.446025,0.1703,0,0.0297013783903957
"E100B-W",848,0,1.35755,0,0,1.670725,1.553025,0,0,0
"E100B-W",849,0,0,0.8624,0,0,0,0,0,0.0851678079146287
"E100B-W",850,0.1739,0.40695,0,0,0.27955,0.6704,0,0,0.0647704757670076
"E100B-W",851,0,0.310825,0,0,0.470625,1.512,0.198,0,0.0948297020898177
"E100B-W",852,0,0.41115,0.0948,0,0.5624,0.6605,0.0166,0,0
"E100B-W",853,0,0.878075,0.0425,0,1.21685,0,0.0189,0,0.384686527345487
"E100B-W",854,0,0.178325,0.0076,0.0162,0,0.76205,1.0528,0,0
"E100B-W",855,0.1277,0.00335,0.0498,0.1358,0,0.3906,0.2178,0,0.145644108492663
"E100B-W",856,0.2712,0.079475,0.1504,0,0,1.64945,0.0396,0.067025,0
"E100B-W",857,0,0.153525,0.0758,0.2444,0.094725,0.3193,0.4996,0,0
"E100B-W",858,0,1.2265,0,0,0.98465,1.693,0.1184,0,0
"E100B-W",859,0.1406,0,0,0,0,0.3793,0.3392,0,0
"E100B-W",860,0,0.755925,0,0,0.579425,1.307675,0.3685,0,0
"E508A",901,0.1399,0,0,0.1618,0,0.6437,1.6711,0,0
"E508A",902,0.3086,0,0.0692,0.0552,0,0.1497,0.2155,0,0.0823137124854916
"E508A",903,0.6014,1.99045,0,0,1.85225,0,0.2933,0,0.157525849776157
"E508A",904,1.0943,0,0.0407,0.1049,0,0,1.1757,0,0
"E508A",905,0.2875,1.13615,0.0994,0,0.8055,3.6935,0.4205,0,0
"E508A",906,0.4926,0,0.0542,0.2752,0,0.6727,0.5444,0,0
"E508A",907,0.1033,0,0.1968,0.0385,0,0.4891,0.1508,0,0
"E508A",908,0.8862,0,0.0743,0.2027,0,1.4149,0.5309,0,0
"E508A",910,1.6556,0.204875,0,0,1.129175,0.522725,2.0897,0,0
"E508A",911,0.8519,0,0,0.165,0,1.0189,0.6024,0,0
"E508A",912,2.9604,0,0.0817,0.5801,0,0.3479,0.2805,0,0.336195025700547
"E508A",915,0,0,0,0,0,0.6743,0.3357,0,0
"E508A",916,0.0873,0,0.056,0,0,0.981625,1.006,0.733125,0
"E508A",917,0.3604,0.479375,0.0247,0.0773,0.678525,0.2735,0.9588,0.003225,0
"E508A",918,0.5348,0,0.141,0.1857,0,2.7273,0.2101,0,0.20207209418007
"E508A",919,1.9708,0,0.035,0.1358,0,0.9635,0.8105,0,0
"E508A",920,0.0336,1.835425,0.0259,0,1.558125,2.2708,1.4942,0,0.195293317857735
"S411",921,0.2267,0.380625,0.1009,0,1.950825,0,0.6521,0,0
"S411",922,0.0293,0.05045,0.0247,0.0584,0,0.2347,0.3218,0,0.0303013543418607
"S411",923,2.5821,0.0213,0.0332,0.0447,0,0.3045,2.302,0,0.0554303000796672
"S411",924,0,1.1456,0,0,3.571225,3.200175,0,0,0
"S411",925,0.5651,0.59725,0.3523,0.0136,0,0,0.8678,0.242925,0
"S411",926,1.7551,0.11565,0.1425,0.1813,0,0.98555,0.1405,0,0
"S411",927,0.6793,2.648825,0.055,0.0738,0,2.986175,0.2842,0.31205,0.0270431441975746
"S411",928,0.0547,1.123725,0.1568,0,0.028225,4.235725,0.4081,0.0428,0.0103040895813048
"S411",929,1.9225,0.12595,0.1875,0.0152,0,1.385225,1.4253,0,0
"S411",930,3.5959,0.009325,0.1259,0.0805,0,0,0.3724,0,0
"S411",931,0.2019,0.053325,0.1174,0.017,0,0,2.9706,0.200275,0.00264729574223245
"S411",932,0.5489,0.0348,0.0522,0,0,1.385175,0.144,0,0
"S411",933,0.1926,0.0982,0.0853,0,0,0,2.4327,0.18315,0.000651642028857219
"S411",934,1.7397,0.009475,0,0,0,0.101675,1.6004,0,0
"S411",935,0.5932,0.518025,0,0,2.08385,0,2.1049,0,0
"S411",936,0.9413,0.346825,0.1431,0,1.291875,0,2.9245,0.19255,0.0059869611401257
"S411",937,1.0861,0.004675,0.0198,0,0,0.029875,0.9623,0,0.011240824997787
"S411",938,1.782,0,0.1835,0.1112,0,0.4979,1.2702,0,0.28790359387448
"S411",939,0.706,0.085225,0.0428,0.0252,0,0.0125,5.7162,0,0.00997826856687616
"S411",940,0.639,0.0534,0.1331,0.2959,0.588975,0,0.422,0,0.0186125254492343
"A71",941,0,0.171725,0.3139,0,0.7318,0,0,0,0.174600293255132
"A71",942,0.1644,0,0.1396,0,0,0,0.4501,0,0.103994617905813
"A71",943,0.1294,0.283825,0.2458,0,0.658925,0.440075,0.1569,0,0.0332752458168018
"A71",944,2.6102,0,0.0501,0,0.359325,0,0.1775,0,0.168157478005865
"A71",945,0.1511,0.395375,0.3403,0,0.91385,0,0.1714,0,0.150155494221149
"A71",946,0,0,0,0,0,1.7002,0,0,0
"A71",947,0.3768,0,0.3254,0,0,0,0.0372,0,0.0194800414007245
"A71",948,0.4882,0.2871,0.2995,0,0.9369,0,0.2125,0,0.0132646196308435
"A71",949,1.2712,0,0.1915,0,0,0.617475,0.0343,0,0.0635185785751251
"A71",950,1.5904,0,0,0,0,0,0.1156,0,0.0931555287217526
"A71",951,0.2188,0,1.0039,0,0,0,0,0,0.0870917026047956
"A71",952,0.3977,0,0.3385,0,0,0,0.7655,0,0.00325930653786441
"A71",953,0.3421,0.2263,0.0897,0,0.538375,0,2.2512,0,0
"A71",954,0.2875,0.251425,0.25,0,0.266825,0,0.8882,0.263175,0.0230804381576678
"A71",955,0.0623,0.702225,0.0539,0,1.450325,0,0.6325,0,0.0124308435397619
"A71",956,0.335,0,0.075,0,0,0,0.2277,0,0
"A71",957,1.0526,0,0.2389,0,0,0,0.2254,0,0.0689381231671554
"A71",958,0.2167,0,0.3157,0,0,0,0,0,0
"A71",959,0.3278,0,0.0887,0,0,2.3948,0,0,0.0750777471105744
"A71",960,0.767,0,0.522,0,0,0.1755,0,0,0.00901994134897361
"A32",981,0.4011,0,0.7279,0,0,0,4.7575,0,0
"A32",982,0.317,0,0.4466,0,0.078325,0,2.7303,0,0.000809892200380468
"A32",983,0.3788,0.007975,0.0609,0,1.07335,0,2.8622,0,0
"A32",984,1.6022,0,0.0456,0,0,0,0.9583,0,0.00283462270133164
"A32",985,0.3497,0.1489,0.0625,0,0.078575,0,1.7696,0,0
"A32",986,0.2308,0,0.249,0,0.3441,0,1.1766,0,0
"A32",987,1.1497,0,0.3155,0,0,0,0.3474,0,0.00193329105897273
"A32",988,0.1866,0,0.3694,0,0,0,0.2794,0,0.00368370323398859
"A32",989,0.3202,0.341825,0.2787,0,1.309875,0,0.5817,0,0.00216842105263158
"A32",990,0.1736,0.08655,0.4701,0,0.358925,0,0.3803,0,0.00495079264426126
"A32",991,0.6512,0.315775,0.7984,0,1.358975,0,0.40915,0,0.0036706404565631
"A32",992,0.7428,0,0.444,0,0,0,0.4306,0,0.000352694990488269
"A32",993,0.3538,0.0928,0.3774,0,0.44385,0.021225,1.0304,0,0.000836017755231452
"A32",994,0.1474,0.060325,0.2245,0,0.6798,0,1.2842,0,0.0096142041851617
"A32",995,0.5021,0,0.1465,0,0,0.04455,0.101,1.208,0
"A32",996,0.2347,0,0.1193,0,0,0,1.1628,0,0
"A32",997,0.3325,0,0.041,0,0,0,2.6935,0,0
"A32",998,0.2899,0.089475,0.2073,0,0.244175,0,0.8353,0,0
"A32",999,0.075,0.226025,0.0599,0,0.585425,0,0.6016,0,0
"A32",1000,1.2771,0,0.4199,0,0,0,0.0147,0,0.0103457197209892
"E103B_S3",1021,0.7874,0.0085,0,0,0,0.5894,0,0,0
"E103B_S3",1022,0.2408,1.002775,0.2829,0,0,3.467725,0,0,0.11008318384897
"E103B_S3",1023,0.3598,7.53635,0.0055,0,0.018075,3.067725,0.0047,0,0
"E103B_S3",1024,0,5.565575,0.0739,0,0,7.304075,0,0.002925,0
"E103B_S3",1025,0.0428,0.27885,0.3779,0,0.58125,1.58725,0,0.19375,0.223923084416675
"E103B_S3",1026,0,1.24405,0.0401,0,2.7321,3.1563,0,0,0.165181695723739
"E103B_S3",1027,0,0.606975,0.1574,0,0.923875,1.2353,0.0037,0,0.0304708975780174
"E103B_S3",1028,0,3.856275,0.063,0.0087,0,5.38135,0,0,0.0065
"E103B_S3",1029,0,0.0079,0,0.0925,0,0.468375,0.8706,0,0.210774575901105
"E103B_S3",1030,0.3116,0.7121,0,0.006,1.607325,0.550625,0,0.178475,1.43569190600961
"E103B_S3",1031,0,0.01665,0,0,0,0.714775,0,0,0.17480116732171
"E103B_S3",1032,0,1.2934,0.1683,0.0512,0,1.88895,0.5048,0,0.230981158251873
"E103B_S3",1033,0.4915,2.64255,0.6127,0.0316,0,3.5452,0,0,0.00768419328832006
"E103B_S3",1034,0.2495,0.563125,0.8721,0.062,0.58225,0.3815,0.0123,0,0.175939566327388
"E103B_S3",1035,1.2398,0.536725,0,0.5007,0,0.73275,0,0,0.112597089253922
"E103B_S3",1036,0.8645,0.011625,0.0081,0.4035,0,0.344225,0.0353,0,0
"E103B_S3",1037,1.0164,0.008375,0.1411,0.2948,0,0.1681,0,0,0.226199882428029
"E103B_S3",1038,0.5715,0.435275,0,0.2875,0.655725,0.6771,0,0.56995,0.0730282962141825
"E103B_S3",1039,0.3779,0.014925,0.1675,0.1574,0,0.5417,0,0,0.0496341966475192
"E103B_S3",1040,0.1212,0.39205,0.4732,0,0,2.570425,0,0,0.198309106788942
"E503-S4",861,1.1279,2.726475,0,0,2.4516,0.1649,0,0,0.1462
"E503-S4",862,2.8273,0.024175,0.1793,0,0,0,1.1159,0,0
"E503-S4",863,0,0.45575,0,0,0.533425,1.347,0.1761,0,0
"E503-S4",864,0.1337,0.58785,0,0,1.388825,0.9115,0,0,0.255
"E503-S4",865,0.0126,0.2259,0,0.00670000000000001,0.9337,0,0.0638,0,0.0531
"E503-S4",866,0.5086,0.862625,0,0,0.51445,0,0.6433,0,0.7103
"E503-S4",867,0,0,0.0863,0,0,2.631,1.679,0,0
"E503-S4",868,1.5731,2.772125,0,0,2.731275,0.049325,0.261,0,0
"E503-S4",869,0.6138,0.1178,0,0.0429,0,3.33255,0,0,0.0838
"E503-S4",870,5.0947,0.373225,0.1291,0.1005,0.442525,1.3622,0,0,0
"E503-S4",871,1.2079,0.15135,0,0.0871,0,1.795,0,0,0
"E503-S4",872,1.3373,0.522275,0,0.1509,0,1.8096,0,0.07045,0
"E503-S4",873,1.1454,0.43665,0,0,0,1.4025,0,0,0.1771
"E503-S4",874,4.3916,0.119475,0,0,0.08275,1.387,0.0226,0,0
"E503-S4",875,2.8621,0.2152,0,0,0,1.5627,0.0352,0,0
"E503-S4",876,1.0156,0.11455,0,0,0,1.105,0,0,0
"E503-S4",877,0.2409,0.166025,0,0,0,3.2994,0,0,0
"E503-S4",878,0.1337,0.162675,0,0,0,2.2869,0.9582,0,0
"E503-S4",879,0.7627,0.09145,0,0.2017,0,1.4866,0.2389,0,0
"E503-S4",880,3.2896,0.21465,0,0,0,1.552,0,0,0
"E507B-S4",21,0.0153,0.118875,0,0.0317,0,0,2.223675,0,0
"E507B-S4",22,0.0611,0,0,0.5079,0,0.2734,1.2116,0,0.1118
"E507B-S4",23,0.4032,0.040525,0.0062,0.0118,0.265,0,1.5593,0,0
"E507B-S4",24,0,0.463525,0,0,2.190725,0.5127,1.9232,0,0.0689
"E507B-S4",25,0.0718,0.050625,0,0.0716,0,0,4.2339,0,0
"E507B-S4",26,0,0.520075,0.2029,0,1.421525,0,2.2336,0,0
"E507B-S4",27,1.0349,0.85455,0.1151,0.088,1.578325,1.145825,1.9653,0,0
"E507B-S4",28,0.1807,0.12085,0.5016,0,0.274825,0.4732,1.2864,0,0.0405
"E507B-S4",29,0.3792,0.526125,0.0562,0,0,0,4.547,0,0
"E507B-S4",30,2.4966,0.5284,0,0,0,2.98535,0.4979,0,0
"E507B-S4",31,0.1108,0.184525,0,0,0.4519,0.0291,2.2745,0,0.0243
"E507B-S4",32,0.0664,0.389175,0,0.8317,0.4501,0.2516,0.3757,0,0
"E507B-S4",33,0,0.96785,0,0,3.5761,0.4562,0.3931,0,0.2064
"E507B-S4",34,0.0254,0.303375,0,0.2775,0.70395,0,0.1389,0,0
"E507B-S4",35,0.0188,0.548825,0.2072,0.0392,0,1.03035,1.3984,0,0
"E507B-S4",36,0.7043,0.09315,0,0,0,0.0128,3.4722,0,0
"E507B-S4",37,0.0945,0.046425,0,0,0,0.261,1.6732,0,0
"E507B-S4",38,0,0.32275,0,0,0.00605,0.0423,5.7336,0,0.099
"E507B-S4",39,0.2618,0.482,0.0438,0,0.002375,0.0601,4.6135,0,0.0052
"E507B-S4",40,0.1948,0.460675,0.0192,0,0,0,1.905875,0,0.0843
"A314",961,0.1618,0.047,0.0337,0,0.1239,0.02035,2.0859,0,0
"A314",962,0,0,0,0,0,0.6064,0.8223,0,0
"A314",963,0,0.292825,0,0.0311,0.87405,0.043375,2.2153,0,0
"A314",964,0.0344,0.611025,0.0852,0,1.586375,0.1547,2.4197,0,0
"A314",965,0,0.005475,0,0,0.086625,0.3045,0.7595,0,0
"A314",966,0,0,0,0,0,0.849,1.8819,0,0
"A314",967,0.0349,0,0.0315,0,0.026275,0.0851,2.3943,0,0
"A314",968,0,0.0425,0,0.0511,0.36455,1.4558,1.2118,0,0
"A314",969,0.0315,0.394325,0,0,1.1141,0.1987,0.9923,0,0
"A314",970,0.2146,0,0.0466,0,0,0,1.3906,0.2593,0
"A314",971,0.2126,0,0,0,0.30785,0.007775,2.2609,0,0
"A314",972,0,0.22985,0.0019,0,0.51485,0.0867,0.608,0,0
"A314",973,0.0622,0.07675,0,0,0.671,1.170425,0.1132,0,0
"A314",974,0.1563,0,0,0,0,0.842075,1.0434,0,0
"A314",975,0.0928,0,0.074,0,0,0.568975,1.6654,0,0
"A314",976,0.1828,0,0.0993,0,0,0.19675,1.5477,0,0
"A314",977,0,0.137775,0.0577,0,0.38445,0.465075,0.8906,0,0
"A314",978,0.1423,0.374875,0,0,0.753875,0.8727,1.0918,0,0
"A314",979,0.0794,0,0,0,0,0.346575,2.9212,0,0
"A314",980,0.037,0.3841,0.0131,0,0.812225,0.3572,2.2282,0,0
