"siteName","PlotNo","live.forb","dead.forb","grass","vine","live.palmetto","dead.palmetto","live.shrub","dead.shrub","live.tree","dead.tree","wiregrass","bluestem.grass","yucca","muscadine.grape","yellow.jessamine","greenbriar","gopher.apple","wicky","huckleberry","Darrows.blueberry","St..Andrews.cross","wax.myrtle","conradina","red.basil","oak.groundcover","chokeberry","gallberry","garberia","dewberry","poison.ivy","St..Johnswort","narrowleaf.pawpaw","American.beautybush","oak.shrub","rough.fetterbush","sweet.pepperbush","smooth.fetterbush","large.gallberry","winged.sumac","highbush.blueberry","groundseltree","yaupon","sparkleberry","titi","fringe.tree","persimmons","flowering.dogwood","American.holly","oak.tree","sweetleaf","sweetbay","red.maple","sweetgum","southern.magnolia","pond.pine","slash.pine"
"E807D",1,0,0,0,0,3.46985,1.18225,0,0,0,0,0,0,0,0,0.269738997099047,0,0,0,0.014,0,0,0,0,0,0.0491,0,0,0,0,0,0,0,0,0,0,0,0,0,0,0,0,0,0,0,0,0,0,0,0,0,0,0,0,0,0,0
"E807D",2,0,0,0,0,0,0,0,0.649225,0,0,0,0,0,0,0,0,0,0,0,0,0,0,0,0,0,0,4.4783,0,0,0,0,0,0,0,9.9971,0,0,0,0,0,0,0,0,0,0,0,0,0,0,0,0,0,0,0,0,0
"E807D",3,0,0,0,0,3.639425,1.019825,0,0.93635,0,0,0,0,0,0,0,0,0,0,0,0,0,0,0,0,0.388,0,0,0,0,0,0,0,0,0.713825,0,0,0,0,0,0,0,0,0,0,0,0,0,0,0,0,0,0,0,0,0,0
"E807D",4,0,0,0,0,1.046725,0.395925,0,0.034125,0,0,0.0257,0,0,0,0,0.0231171156237049,0,0,0,0,0,0,0,0,1.4283,0,0,0,0,0,0,0,0,0,0,0,0,0,0,0,0,0,0,0,0,0,0,0,0,0,0,0,0,0,0,0
"E807D",5,0,0,0,0,0,0,0,0,0,0,0.0413,0,0,0,0,0,0,0,0,0,0,0,0,0,1.4817,0,0,0,0,0,0,0,0,0,0,0,0,0,0,0,0,0,0,0,0,0,0,0,0,0,0,0,0,0,0,0
"E807D",6,0,0,0,0,0,0,0,0.35055,0,0,0.2606,0.0807,0,0,0.0901095731454621,0,0.2231,0,0,0,0,0,0,0,0.32,0,0,0,0,0,0,0,0,0.5912,0,0,0,0,0,0,0,0.127475,0,0,0,0,0,0,0,0,0,0,0,0,0,0
"E807D",7,0,0,0,0,0,0,0,0,0,0,0,0,0,0,0,0,0,0,0,0,0,0,0,0,0.5004,0,0.6344,0,0,0,0,0,0,0,0,0,0,0,0,0,0,0,0,0,0,0,0,0,0,0,0,0,0,0,0,0
"E807D",8,0,0,0,0,0,0,0,0.1013,0,0,0,0,0,0,0.00342038955656859,0.176621840033154,0.1601,0,0,0,0,0,0,0,0.4564,0,0,0,0,0,0,0,0,0,0,0,0,0,0,0,0,0,0,0,0,0,0,0,0,0,0,0,0,0,0,0
"E807D",9,0,0,0,0,0,0,0,1.497475,0,0,0,0,0,0,0.0638669291338583,0,0,0,0,0,0,0,0,0,0.7356,0,0.7586,0,0,0,0,0,0,0,0,0,0,0,0,0,0,0,1.484675,0,0,0,0,0,0,0,0,0,0,0,0,0
"E807D",10,0,0,0,0,0.553075,0.260175,0,0.0562,0,0,0,0,0,0,0,0,0,0,0.0467,0,0,0,0,0,0.1953,0,1.0315,0,0,0,0,0,0,0,0,0,0,0,0,0,0,0,0,0,0,0,0,0,0,0,0,0,0,0,0,0
"E807D",11,0,0,0,0,0,0,0,0.34105,0,0,0,0,0,0,0,0,0,0.3292,0.1794,0.9821,0,0,0,0,1.542,0,1.902,0,0,0,0,0,0,0,0,0,0,0,0,0,0,0,0,0,0,0,0,0,0,0,0,0,0,0,0,0
"E807D",12,0,0,0.0814,0,0,0,0,0.3182,0,0,0,0,0,0,0,0,0,1.4912,0,0.023,0,0,0,0,1.4995,0,0.5137,0,0,0,0,0,0,0,0,0,0,0,0,0,0,0,0,0,0,0,0,0,0,0,0,0,0,0,0,0
"E807D",13,0,0,0,0,0,0,0,1.764325,0,0,0,0,0,0,0.303117281392458,0,0,0,0,0,0,0,0,0,0.4093,0,0.7998,0,0,0,0,0,0,0,0,0,0,0,0,0,0,0,0,0,0,0,0,0,0,0,0.745275,0,0,0,0,0
"E807D",14,0,0,0,0,0,0,0,0.147325,0,0,0.3523,0.0314,0,0,0,0.0334962287608786,0,0,0,0,0,0,0,0,0.6115,0,0.1123,0,0,0,0,0,0,0.27655,0,0,0,0,0,0,0,0,0,0,0,0,0,0,0,0,0,0,0,0,0,0
"E807D",15,0,0,0,0,0,0,0,0.0577,0,0,0.2548,0.0129,0,0,0,0,0,0,0,0,0.0753,0,0,0,0.0912,0,1.2579,0,0,0,0,0,0,0,0,0,0,0,0,0,0,0,0,0,0,0,0,0,0,0,0,0,0,0,0,0
"E807D",16,0,0,0,0,0,0,0,0.1604,0,0,0.0238,0.0254,0,0,0.268264691255698,0.022055615416494,0,0,0,0,0,0,0,0,0,0,2.344,0,0,0,0,0,0,0,0,0,0,0,0,0,0,0,0,0,0,0,0,0,0,0,0,0,0,0,0,0
"E807D",17,0,0,0.5044,0,0,0,0,0,0,0,0.4648,0.0495,0,0,0,0,0,0,0,0,0,0,0,0,0,0,0,0,0,0,0,0,0,0,0,0,0,0,0,0,0,0,0,0,0,0,0,0,0,0,0,0,0,0,0,0
"E807D",18,0,0,0.0384,0,0,0,0,0.59025,0,0,0.3966,0.0684,0,0,0,0.061095234148363,0,0,0,0,0,0,0,0,0,0,3.289,0,0,0,0,0,0,1.3301,0,0,0,0,0,0,0,0,0,0,0,0,0,0,0,0,0,0,0,0,0,0
"E807D",19,0,0,0,0,0,0,0,0.08345,0,0,0,0.0306,0,0,0.51936846249482,0.0156276419394944,0,0,0,0,0,0,0,0,0.0073,0,4.8698,0,0,0,0,0,0,0,0,0,0,0,0,0,0,0,0,0,0,0,0,0,0,0,0,0,0,0,0,0
"E807D",20,0,0,0.0656,0,1.238025,1.1474,0,1.036125,0,0,0.0561,0.00289999999999999,0,0,0,0,0,0,0,0,0,0,0,0,0,0,6.7219,0,0,0,0,0,0,0,0,0,0,0,0,0,0,0,0,0,0,0,0,0,0.160425,0,0,0,0,0,0,0
"S330",101,0,0,0.062,0,0,0,0,0.006075,0,0,0,0.2035,0,0,0,0.207671022290546,0,0,0,0.8678,0,0,0,0,0.7707,0,1.6738,0,0,0,0,0,0,0,0,0,0,0,0,0,0,0,0,0,0,0,0,0,0,0,0,0,0,0,0,0
"S330",102,0,0,0.0135,0,0,0,0,0.16025,0,0,1.9948,0.031,0,0,0,0.153457955418909,0,0,0,0.4194,0.5435,0,0,0,0.0563,0,0.6736,0,0,0,0,0,0,0,0,0,0,0,0,0,0,0,0,0.683525,0,0,0,0,0,0,0,0,0,0,0,0
"S330",103,0.0353,0,0.1134,0,0,0,0,0.007925,0,0,0,0.1631,0,0,0,0.077967717140661,0,0,0,0.2344,0.1322,0,0,0,1.1521,0,0,0,0,0,0,0,0,0,0,0,0,0,0,0,0,0,0,0,0,0,0,0,0,0,0,0,0,0,0,0
"S330",104,0,0,0.0555,0,2.193275,1.16565,0,0.02495,0,0,0,0,0,0,0,0.0128245964642583,0,0,0,0.2118,0,0,0,0,0.2442,0,1.8316,0,0,0,0,0,0,0,0,0,0,0,0,0,0,0,0,0,0,0,0,0,0,0,0,0,0,0,0,0
"S330",107,0,0,0,0,0,0,0,0.022725,0,0,0,0,0,0,0,0.0123873943120676,0,0,0,0,0,0,0,0,0,0,0,0,0,0,0,0,0,3.9688,0,0,0,0,0,0,0,0,0,0,0,0,0,0,0,0,0,0,0,0,0,0
"S330",108,0,0,0.2843,0,0,0,0,0.018125,0,0,0,0,0,0,0,0,0,0,0,0.0402,0.0325,0,0,0,0.3501,0,0.0344,0,0,0,0,0,0,0,0,0,0,0,0,0,0,0,0,0,0,0,0,0,0,0,0,0,0,0,0,0
"S330",109,0,0,0.0808,0,0,0,0,0.0476,0,0,0,0,0,0,0,0.0358505764796311,0,0,0.0414,0.3112,0.2024,0,0,0,0.5923,0,0,0,0,0,0,0,0,0,0,0,0,0,0,0,0,0,0,0,0,0,0,0,0,0,0,0,0,0,0,0
"S330",110,0.2913,0,0.4113,0,1.115375,1.09565,0,0,0,0,0.6853,0,0,0,0,0.204319139123751,0,0,0,0,0.0529,0,0,0,0.1559,0,0,0,0,0,0,0,0,0,0,0,0,0,0,0,0,0,0.2429,0,0,0,0,0,0,0,0,0,0,0,0,0
"S330",111,0.0612,0,0.5276,0,0,0,0,0,0,0,0,0.0057,0,0,0,0.00670376633358955,0,0,0,0,0,0,0,0,0,0,0.5893,0,0,0,0,0,0,0,0,0,0,0,0,0,0,0,0,0,0,0,0,0,0,0,0,0,0,0,0,0
"S330",112,0.0314,0,0.0081,0,0,0,0,0.009075,0,0,0,0,0,0,0,0.0329358954650269,0,0,0,0,0,0,0,0,1.4173,0,0.3303,0,0,0,0,0,0,0,0,0,0,0,0,0,0,0,0,0,0,0,0,0,0,0,0,0,0,0,0,0
"S330",113,0,0,0,0,1.728,1.032625,0,0,0,0,0.0473,0,0,0,0,0.0623741737125288,0,0,0,0.1658,0,0,0,0,2.3464,0,0,0,0,0,0,0,0,0,0,0,0,0,0,0,0,0,0,0,0,0,0,0,0,0,0,0,0,0,0,0
"S330",114,0.0292,0,0.0708,0,0,0,0,0.039,0,0,0,0.183,0,0,0,0.0103471176018447,0,0,0,0.0766,0.0024,0,0,0,0,0,1.0112,0,0,0,0,0,0,0.316425,0,0,0,0,0,0,0,0,0.41615,0,0,0,0,0,0.633875,0,0,0,0,0,0,0
"S330",115,0.0507,0,0.1268,0,0,0,0,0,0,0,0,0,0,0,0,0,0,0,0,0.0565,0.0591,0,0,0,0.0278,0,0.3995,0,0,0,0,0,0,0,0,0,0,0,0,0,0,0,0,0.966825,0,0,0,0,0.6265,0,0,0,0,0,0,0
"S330",116,0,0,0.0409,0,0,0,0.0049,0,0,0,0,1.013,0,0,0,0,0,0,0,0,0.131,0,0,0,0,0,0,0,0,0,0,0,0,0,0,0,0,0,0,0,0,0,0,0,0,0,0,0,0,0,0,0,0,0,0,0
"S330",117,0,0,0.0717,0,0,0,0,0,0,0,0,0,0,0,0,0.0142819369715603,0,0,0.6962,0.3567,0.0646,0,0,0,0.0029,0,1.0191,0,0,0,0,0,0,0,0,0.026,0,0,0,0,0,0,0,0,0,0,0,0,0.254175,0,0,0,0,0,0,0
"S330",118,0,0,0,0,0,0,0,0,0,0,0,0,0,0,0,0,0,0,0,0,0,0,0,0,0,0,0,0,0,0,0,0.013575,0,7.780975,0,0,0,0,0,0,0,0,0,0,0,0,0,0,0,0,0,0,0,0,0,0
"S330",119,0.0163,0,0.0403,0,0,0,0,0.06405,0,0,0,0,0,0,0,0.0018945426594927,0,0,0,0,0,0,0,0,0,0,1.477,0,0,0,0,0,0,0.696425,0,0,0,0,0,0.163575,0,0,0,0,0,0,0,0,0,0,0,0,0,0,0,0
"S330",120,0.0024,0,0,0,0,0,0,0,0,0,0,0,0,0,0,0.114984166026134,0,0,0,0,0,0,0,0,0,0,0.8597,0,0,0,0,0,0,1.9797,0,0,0,0,0,0,0,0,0,0,0,0,0,0,0,0,0,0,0,0,0,0
"E100B-E",141,0,0,0.2266,0,0,0,0,0,0,0,0.6861,0.1138,0,0,0.160149925216871,0.00724845946754412,0,0,0,0,0,0,0,0,0.841,0,0.9762,0,0,0,0,0,0,2.711275,0,0,0,0.757,0,0.19545,0,0,1.48475,0,0,0,0,0,0,0,0,0,0,0,0,0
"E100B-E",142,0,0,0,0,0,0,0,0,0,0,1.6529,0.0175,0,0,0,0,0,0,0,0,0,0,0,0,0,0,0.1371,0,0,0,0,0,0,0,0,0,0,0.480825,0,0,0,0,0,0,0,0,0,0,0,0,11.5182,0,0,0,0,0
"E100B-E",143,0,0.3724,0,0,0,0,0.002625,0,0,0,0,0,0,0,0.288981034998504,0,0,0,0,0,0,0,0,0,0,0,4.9108,0,0,0,0,0,0,0,0,0,0,0,0,0,0,0,0,0,0,0,0,0,0,0,0,0,0,0,0,0
"E100B-E",144,0,0,0,0,0,0,0,0,0,0,0,0,0,0.927392521687107,0.654959856416392,0.392784445109183,0,0,0,0,0,0,0,0,0,0,0.6724,0,0,0,0,0,0,0,0,0,0,0,0,0,0,0,0,0,0,0,0,0,0,0.392275,0.21175,0,0,0,0,0
"E100B-E",145,0,0,0,0,0.8763,0.80215,0,0,0,0,0,0,0,0,0,0,0,0,0,0,0,0,0,0,0,0,1.9673,0,0.002425,0,0,0,0,0,0,0,0,0,0,0.278425,0,0,0,0,0,0,0,0,0,0.123525,0,0,0,0,0,0
"E100B-E",146,0,0,0,0,0,0,0,0,0,0,0,0,0,0,0,0,0,0,0,0.2803,0,0,0,0,0.1153,0,0.8766,0,0,0,0,0,0,0,0,0,0,0,0,0,0,0,0,0,0,0,0,0,0,0,0.05335,0,0,0,0,0
"E100B-E",147,0.0292,0,0,0,0,0,0,0,0,0,0.11,0,0,0,0,0.0291306012563566,0,0,0,0.6521,0,0,0,0,0,0,0.4256,0,0.03495,0,0,0,0,0,0,0,0,0,0,0.06105,0,0,0,0,0,0,0,0,0,0,0,0,0,0,0,0
"E100B-E",148,0,0,0,0,0.676875,0.5473,0,0,0,0,0,0,0,0.0165483697277894,0.858463775052348,0,0,0,0,0,0,0,0,0,0,0,0.9926,0,0,0,0,0,0,0,0,0,0,0,0,0,0,0,0,0,0,0,0,0,0,0,0,0,0,0,0,0
"E100B-E",149,0,0,0.1985,0,0,0,0,0,0,0,0,0,0,0,0,0,0,0,0.0987,0,0,0,0,0,3.8911,0,0.547,0,0,0,0,0,0,0,0,0,0,0,0,0,0,0,0,0,0,0,0,0,0,0,0,0,0,0,0,0
"E100B-E",150,0,0,0.2546,0,0,0,0,0,0,0,0,0,0,0,0,0,0,0,0,0,0,0,0,0,0.2385,0,2.599,0,0.01435,0,0,0,0,0,0,0,0,0,0,0,0,0,0,0,0,0,0,0,1.41695,0,0,0,0,0,0,0
"E100B-E",151,0,0,0,0,0,0,0,0.02405,0,0,0,0,0,0,0,0,0,0,0.5746,0.1328,0,0,0,0,0.5899,0,1.0963,0,0,0,0,0,0,0.207725,0,0,0,0,0,0,0,0,0,0,0,0,0,0,0,0,0,0,0,0,0,0
"E100B-E",152,0.0053,0.4616,0,0,0,0,0,0.4464,0,0,1.1894,0,0,0,0,0.132523721208495,0,0,0,0,0,0,0,0,0,0,0.149,0,0,0,0,0,0,0.6371,0,0,0,1.511575,0,0,0,0,0,0,0,0,0,0,0,0,0,0,0,0,0,0
"E100B-E",153,0,0.1215,0,0,0,0,0,0.63565,0,0,0,0,0,0,0,0,0,0,0,0,0,0,0,0,0,0,0,0,0,0,0,0,0,0,0,0,0,0,0,0,0,0,0,0,0,0,0,0,2.928925,0.75495,0,0,0,0,0,0
"E100B-E",154,0,0,0,0,0,0,0,0,0,0,0.7312,0.1763,0,0,0,0.0705699072689201,0,0,0.2889,0,0,0,0,0,0,0,0.1595,0,0,0,0,0,0,0,0,0,0,0.006175,0,0,0,0,0,0,0,0,0,0,0,0,0,0,0,0,0,0
"E100B-E",155,0,0.0633,0,0,1.437025,0.9398,0,0.08955,0,0,0,0,0,0,0.379244869877356,0,0,0,0,0,0,0,0,0,0,0,0.3274,0,0,0,0,0,0,0,0,0,0,0.155925,0,0.246875,0,0,0,0,0,0,0,0.01995,0,0.427125,0,0,0,0,0,0
"E100B-E",156,0,0,0,0,0,0,0,0.29485,0,0,0,0,0,0,0.362286209991026,0,0,0,0,0,0,0,0,0,0,0,0.0328,0,0,0,0,0,0,0,0,0,0,1.6305,0,0,0,0,0,0,0,0,0,0,0,2.092,4.3245,0,0,0,0,0
"E100B-E",157,0.0753,0.7868,0,0,0,0,0,0.476425,0,0,0,0,0,0.554712294346395,0,0,0,0,0.0953,0,0,0,0,0,0,0,1.0715,0,0,0,0,0,0,0,0,0,0,0,0,0,0,0,1.726075,0,0,0,0,0,0.09765,0.14555,0,0,0,0,0,0
"E100B-E",158,0.0738,0,0,0,0,0,0,1.5369,0,0,0.2083,0.1476,0,1.63418570146575,0,0.0300879449596171,0,0,0.0409,0,0,0,0,0,0.1004,0,0,0,0,0,0,0,0,3.0527,0,0,0,0,0,0,0,0,0,0,0,0,0,0.057575,0.205925,0.9076,0,0,0,0,0,0
"E100B-E",159,0.1318,0,0,0,0,0,0,2.004575,0,0,0.7961,0,0,0,0,0.0521068501346096,0,0,0.014,0,0,0,0,0,0.1107,0,0.1632,0,0,0,0,0,0,3.100525,0,0,0,0,0,0,0,0,1.243425,0,0,0,0,0,0.66805,0.144175,0,0,0,0,0,0
"E100B-E",160,0.0513,0.0769,0,0,0,0,0,0.7192,0,0,0.1146,0,0,0,0,0.306623511815734,0,0,0.1728,0,0,0,0,0,0,0,0.4681,0,0,0,0,0,0,6.558375,0,0,0,0,0,0,0,0,0,0,0,0,0,0,1.434825,0,0,0,0,0,0,0
"A319",321,0.0564,0.109,0,0,0.6492,0.51495,0,0,0,0,0,0,0,0,0,0.0517871580765909,0,0,0.1068,0.3107,0,0,0,0,1.3738,0,0.1167,0,0,0,0,0,0,0,0.3921,0,0,0,0,0,0,0,0,0,0,0,0,0,0,0,0,0,0,0,0,0
"A319",322,0,0,0,0,1.859625,0.955275,0,0,0,0,0,0,0,0,0,0.0159684422689318,0,0,0.0395,1.1483,0,0,0,0,0.2077,0,0.1433,0,0,0,0,0,0,0,0.154275,0,0,0,0,0,0,0,0,0,0,0,0,0,0,0,0,0,0,0,0,0
"A319",323,0,0,0,0,1.441725,1.05595,0,0.228125,0,0,0,0,0,0,0,0.00335249064209616,0,0,0.0822,0.6628,0,0,0,0,0.9732,0,0.0281,0,0,0,0,0,0,0,1.53785,0,0,0,0,0,0,0,0,0,0,0,0,0,0,0,0,0,0,0,0,0
"A319",324,0,0,2.1106,0,1.742175,0.766675,0,0,0,0,0,0,0,0,0,0,0,0,0,0,0,0,0,0,0,0,0.0748,0,0,0,0,0,0,0,0,0,0,0,0,0,0,0,0,0.288325,0,0,0,0,0,0,0,0,0,0,0,0
"A319",325,0.0065,0.1217,0,0,0,0,0,0,0.9547,0.5049,0,0,0,0,0,0.0112043766196372,0,0,0.0123,0,0,0,0,0,3.2438,0,0.0411,0,0,0,0,0,0,0,0,0,0,0,0,0,0,0,0,0,0,0,0,0,0,0,0,0,0,0,0,0
"A319",326,0.0508,0.0837,0.0367,0,0,0,0,0,0,0,0.0484,0,0,0,0,0.00838122660524042,0,0,0,0,0,0,0,0,3.8784,0,0,0,0,0,0,0,0,0,0,0,0,0,0,0,0,0,0,0,0,0,0,0,0,0,0,0,0,0,0,0
"A319",327,0.016,0,0,0,0.980525,0.957025,0,0,0,0,0.0179,0,0,0,0,0,0,0,0,0.6412,0,0,0,0,1.7771,0,0.2142,0,0,0,0,0,0,0,0,0,0,0,0,0,0,0,0,0,0,0,0,0,0,0,0,0,0,0,0,0
"A319",328,0,0.0569,0,0,1.6445,1.249725,0,0,0,0,0,0,0,0,0,0,0,0,0,1.075,0,0,0,0,0.42,0,0.1698,0,0,0,0,0,0,0,1.68415,0,0,0,0,0,0,0,0,0,0,0,0,0,0,0,0,0,0,0,0,0
"A319",329,0,0,0,0,0,0,0,0.057025,0,0,0,0,0,0,0,0.075254592571264,0,0,0,0.0919,0,0,0,0,3.5037,0,0.0279,0,0,0,0,0,0,0,0.394425,0,0,0,0,0,0,0,0,0,0,0,0,0,0,0,0,0,0,0,0,0
"A319",330,0.0165,0.0997,0,0,0,0,0,0,0,0,0.046,0.0028,0,0,0,0.0444646127267492,0,0,0.1787,0.3408,0,0,0,0,0.9391,0,0.897,0,0,0,0,0,0,0,0,0,0,0,0,0,0,0,0,0,0,0,0,0,0,0,0,0,0,0,0,0
"A319",331,0,0,0,0,0,0,0,0.604125,0,0,0,0,0,0,0,0.00864589691909012,0,0,0.0114,0.7854,0,0,0,0,0.0307,0,0,0,0,0,0,0,0,3.06535,0,0,0,0,0,0,0,0,0,0,0,0,0,0,0.55185,0,0,0,0,0,0,0
"A319",332,0,0.0264,0,0,0,0,0.037825,0,0,0,0.153,0,0,0,0,0.0107632594298877,0,0,0.1416,0,0,0,0,0,1.8036,0,0,0,0,0,0,0,0,0,0,0,0,0,0,0,0,0,0,0,0,0,0,0,0.10635,0,0,0,0,0,0,0
"A319",333,0,0.041,0.00739999999999999,0,1.008125,0.928975,0,0,0,0,0.0351,0,0,0,0,0.033260236107112,0,0,0.0925,0.2575,0,0,0,0,0.4586,0,0.4283,0,0,0,0,0,0,0,0.78905,0,0,0,0,0,0,0,0,0,0,0,0,0,0,0,0,0,0,0,0,0
"A319",334,0.0188,0.0145,0,0,1.65265,0.919375,0,0,0,0,0.1122,0,0.00272499999999999,0,0,0.00370538439389578,0,0,0,0,0,0,0,0,1.3661,0,0.0244,0,0,0,0,0,0,0,0.161825,0,0,0,0,0,0,0,0,0,0,0,0,0,0,0,0,0,0,0,0,0
"A319",335,0.0127,0.0915,0,0,0,0,0,0.31325,0,0,0.0134,0,0,0,0,0.00149979844514829,0,0,0.0722,0.0108,0,0,0,0,0,0,0,0,0,0,0,0,0,4.408525,0,0,0,0,0,0,0,0,0,0,0,0,0,0,0.1112,0,0,0,0,0,0,0
"A319",336,0.0173,0.4123,0,0,1.0555,0.9455,0,0,0,0,0.0465,0,0,0,0,0.00273492657644688,0,0,0.0098,0.1058,0,0,0,0,0.3294,0,0,0,0,0,0,0,0,0,0,0,0,0,0,0,0,0,0,0,0,0,0,0,0,0,0,0,0,0,0,0
"A319",337,0,0.0684,0.1263,0,0.849325,0.7722,0,0.004975,0,0,0,0,0,0,0,0,0,0,0.0715,0.6666,0,0.3639,0,0,0,0,0.3403,0,0,0,0,0,0,0,1.04975,0.824175,0,0,0,0,0,0,0,0,0,0,0,0,0,0,0,0,0,0,0,0
"A319",338,0.00819999999999999,0.2108,0,0,1.77955,1.335325,0,0.2364,0,0,0.00899999999999999,0,0,0,0,0,0,0,0,0.1144,0,0,0,0,0.7416,0,0.0715,0,0,0,0,0,0,0,0.8352,0,0,0,0,0,0,0,0,0,0,0,0,0,0.533825,0,0,0,0,0,0,0
"A319",339,0,0,0,0,0.674325,0.283825,0,0.18345,0,0,0,0,0,0,0,0.0138510797581342,0,0,0,0,0,0,0,0,0,0,0,0,0,0,0,0,0,4.67675,0,0,0,0,0,0,0,0,0,0,0,0,0,0,0,0,0,0,0,0,0,0
"A319",340,0.0427,0.059,0,0,0.259475,0.17055,0,0.054175,0,0,0.0291,0,0,0,0,0.00211736251079758,0,0,0.0152,0.0714,0,0,0,0,1.2105,0,0.1044,0,0,0,0,0,0,0,0.781975,0,0,0,0,0,0,0,0,0,0,0,0,0,0,0,0,0,0,0,0,0
"S209",341,0,0,0,0,0.636125,0.1767,0.0484,0.06575,0,0,0,0,0,0,0,0,0,0,0.0189,0.5977,0,0,0,0,1.2254,0,0.9851,0,0,0,0,0,0,0,0.320925,0,0,0,0,0,0,0,0,0,0,0,0,0,0,0,0,0,0,0,0,0
"S209",342,0,0.148,0,0,1.6578,0.571575,0,0,0,0,0,0.1033,0,0,0,0,0,0,0.0253,0.8522,0,0,0,0,1.1013,0,0.4683,0,0,0,0,0,0,0,1.500675,0,0,0,0,0,0,0,0,0,0,0,0,0,0,0,0,0,0,0,0,0
"S209",343,0,0,0,0,1.16045,0.2441,0,0,0,0,0,0,0,0,0,0,0,0.1342,0.0913,0.8399,0,0,0,0,0.5848,0,0.7701,0,0,0,0,0,0,0,2.192425,0,0,0,0,0,0,0,0,0,0,0,0,0,0,0,0,0,0,0,0,0
"S209",344,0,0,0,0,0,0,0,0,0,0,0,1.0065,0,0,0,0,0,0,0,0,0,0,0,0,0.2138,0,2.2223,0,0,0,0,0,0,0,0,0,0,0,0,0,0,0,0,0,0,0,0,0,0,0,0,0,0,0,0,0
"S209",346,0.0054,0,0,0,0,0,0,0.236775,0,0,0.0265,0.6046,0,0,0,0,0,0.1911,0.0437,0.5284,0,0,0,0,0.0666,0,1.6205,0,0,0,0,0,0,0,0.499025,0,0,0,0,0,0,0,0,0,0,0,0,0,0,0,0,0,0,0,0,0
"S209",347,0,0.4848,0,0,0,0,0,0,0,0,0,0.2108,0,0,0,0,0,0,0.3938,1.2874,0,0,0,0,0.3867,0,0.0188,0,0,0,0,0,0,0,0.14715,0,0,0,0,0,0,0,0,0,0,0,0,0,0,0,0,0,0,0,0,0
"S209",348,0,0.3414,0,0,1.38215,0.3852,0,0,0,0,0,0.1016,0,0,0,0,0,0.0788,0.0618,0.6865,0,0,0,0,2.2505,0,0.2692,0,0,0,0,0,0,0,0.6593,0,0,0,0,0,0,0,0,0,0,0,0,0,0,0,0,0,0,0,0,0
"S209",349,0,0.1323,0,0,1.8768,0.350325,0,0.03115,0,0,0,0.0396,0,0,0,0,0,0.22,0.0117,0.327,0,0,0,0,0.6126,0,1.5825,0,0,0,0,0,0,0,0.324775,0,0,0,0,0,0,0,0,0,0,0,0,0,0,0,0,0,0,0,0,0
"S209",350,0,0.0915,0.0296,0,1.86795,0.691425,0,0.1138,0,0,0,0,0,0,0,0,0,0.0212,0.1324,0.618,0,0,0,0,0.2004,0,0.7009,0,0,0,0,0,0,0,1.27165,0,0,0,0,0,0,0,0,0,0,0,0,0,0,0,0,0,0,0,0,0
"S209",351,0,0.1494,0,0,2.34785,0.2669,0,0.217375,0,0,0.0271,0,0,0,0,0,0,0.00970000000000001,0.2875,0.4932,0,0,0,0,0,0,0.5679,0,0,0,0,0,0,0,2.100575,0,0,0,0,0,0,0,0,0,0,0,0,0,0,0,0,0,0,0,0,0
"S209",352,0.0276,0.2666,0,0,1.645725,0.916875,0,0.028725,0,0,0.1068,0.1737,0,0,0,0,0,0.2412,0.1268,0.711,0,0,0,0,1.0028,0,0.5374,0,0,0,0,0,0,0,0.98525,0,0,0,0,0,0,0,0,0,0,0,0,0,0,0,0,0,0,0,0,0
"S209",353,0,0.1407,0,0,1.708575,0.3266,0,0.175775,0,0,0,0,0,0,0,0,0,0,0.0128,1.9145,0,0,0,0,0.0955,0,0.633,0,0,0,0,0,0,0,1.63335,0,0,0,0,0,0,0,0,0,0,0,0,0,0,0,0,0,0,0,0,0
"S209",354,0.0516,0.1194,0,0,2.225775,0.4735,0,0.1941,0,0,0.0133,0.1855,0,0,0,0,0,0,0.0608,0.3033,0,0,0,0,0.1864,0,0.8115,0,0,0,0,0,0,0,1.628725,0,0,0,0,0,0,0,0,0,0,0,0,0,0,0,0,0,0,0,0,0
"S209",355,0.0222,0,0,0,1.415925,0.185625,0,0.206625,0,0,0.1704,0.0356,0,0,0,0,0,0,0,1.9646,0,0,0,0,2.2758,0,0.8807,0,0,0,0,0,0,0,2.127525,0,0,0,0,0,0,0,0,0,0,0,0,0,0,0,0,0,0,0,0,0
"S209",357,0,0,0,0,4.31355,1.2065,0,0.094025,0,0,0,0,0,0,0,0,0,0,0.1796,0,0,0,0,0,1.6841,0,0.869,0,0,0,0,0,0,0,0,0.56355,0,0,0,0.0905,0,0,0,0,0,0,0,0,0,0,0,0,0,0,0,0
"S209",358,0,0.2003,0,0,3.8283,0.5277,0,0,0,0,0,0.428,0,0,0,0,0,0.2872,0,0.8317,0,0,0,0,1.4355,0,0.208,0,0,0,0,0,0,0,0.748375,0.0328,0,0,0,0,0,0,0,0,0,0,0,0,0,0,0,0,0,0,0,0
"S209",359,0.067,0,0,0,1.39555,0.182275,0,0,0,0,0.416,0.0859,0,0,0,0,0,0.0236,0.0429,0,0,0,0,0,2.8683,0,0.1866,0,0,0,0,0,0,0,0,0.136925,0,0,0,0,0,0,0,0,0,0,0,0,0,0,0,0,0,0,0,0
"S209",360,0.0119,0.1544,0,0,1.5607,0.2485,0,0.07955,0,0,0,0.2119,0,0,0,0,0,0.0449,0.1889,0.2105,0,0,0,0,0.0802,0,0.4735,0,0,0,0,0,0,0,1.20045,0,0,0,0,0,0,0,0,0,0,0,0,0,0,0,0,0,0,0,0,0
"E807B",501,0,0,1.5943,0,0,0,0.129275,0,0,0,0,0,0,0,0,0.72698430583501,0,0,0.004975,0,0,0,0,0,0,0,0.871,0,0,0,0,0,0,0,0,0,0,0,0,0,0,0,0,0,0,0,0,0,0,0,0,0,0,0,0,0
"E807B",502,0,0,0,0,0,0,0,0,0,0,0,1.6221,0,1.3963754527163,0,0.034486921529175,0,0,0.024075,0,0,0,0,0,0,0,1.5687,0,0,0,0,0,0,0,0,0,0,0,0,0,0,0,0,0,0,0,0,0.04675,0,0,0,0,0,0,0,0
"E807B",503,0,0,0.3566,0,0,0,0,0,0,0,1.7466,0,0,0,0,0.272101810865191,0,0,0.00275,0,0,0,0,0,0,0,2.919,0,0,0,0,0,0,0,0,0,0,0,0,0,0,0,0,0,0,0,0,0,0,0,0,0,0,0,0,0
"E807B",504,0,0,0,0,0,0,0,0,0,0,0,0,0,0,0,0.0996672032193159,0,0,0,0,0,0,0,0,0,0,0.2429,0,0,0,0,0,0,0,0,0,0,0,0,0,0,0,0,0,0,0,0,0,2.414,0,0,0,0,0,0,0
"E807B",505,0,0,0,0,0.961375,0.708425,0,0,0,0,0,0,0,0,0.353490945674044,0,0,0,0.037725,0.0147,0,0,0,0,0.0595,0,0,0,0,0,0,0,0,0,0,0,0,0,0,0,0,0,0,0,0,0,0,0,0,0,0,0,0,0,0,0
"E807B",506,0,0,0,0,0.9824,0.574525,0,0,0,0,0,0,0,0,0,0,0,0,0.389275,0,0,0,0,0,1.1451,0,0,0,0,0,0,0,0,5.200725,0,0,0,0,0,0,0,0,0,0,0,0,0,0,0,0,0,0,0,0,0,0
"E807B",507,0,0,0,0,0,0,0,0,0,0,0,0,0,0,0,0,0.2068,0,0,0,0,0,0,0,0.7269,0,0.8135,0,0,0,0,0,0,0,0,0,0,0,0,0,0,0,0,0,0,0,0,0,0,0,0,0,0,0,0,0
"E807B",508,0,0,0,0,0.66335,0.2268,0,0,0,0,0,0,0,0,0.0396599597585513,0,0,0,0,0,0,0,0,0,0.4099,0,0.0088,0,0,0,0,0,0,0.045675,0,0,0,0,0,0,0,0,0,0,0,0,0,0,0,0,0,0,0,0,0,0
"E807B",509,0.0683,0,0.0136,0,0.28025,0.234375,0,0,0,0,0,0,0,0,0,0,0,0,0.024375,0.0185,0,0,0,0,5.8865,0,0.056,0,0,0,0,0,0,0,0.68345,0,0,0,0,0,0,0,0,0,0,0,0,0,0.006175,0,0,0,0,0,0,0
"E807B",510,0,0,0,0,0.3688,0.12515,0,0.5266,0,0,0,0,0,0,0,0,0,0,0.03175,1.2977,0,0,0,0,2.9402,0,0.0504,0,0,0,0,0,0,0,4.0905,0,0,0,0,0,0,0,0,0,0,0,0,0,0,0,0,0,0,0,0,0
"E807B",511,0,0,0,0,0,0,0,0.53935,0,0,0.058,0.1971,0,0,0,0.0148293762575453,0,0,0,0,0,0,0,0,0,0,3.9139,0,0,0,0,0,0,0,0,0,0,0,0,0,0,0,0,0,0,0,0,0,0,0,1.238225,0,0,0,0,0
"E807B",512,0,0,0.0491,0,0,0,0,0.0909,0,0,0.2287,0.1543,0,0,0,0.217957344064386,0,0,0.009725,0,0,0,0,0,0,0,0.4024,0,0,0,0,0,0,0,0,0,0,0,0,0,0,0.0275,0,0,0,0,0,0,0,0,0.019575,0,0,0,0,0
"E807B",513,0.2249,0,0.206,0,0,0,0,0.09355,0,0,0.2752,0.284,0,0,0,0,0,0,0,0,0,0,0,0,0,0,0.7444,0,0,0,0,0,0,0,0,0,0,0,0,0,0,0,0,0,0,0,0,0,0,0,0,0,0,0,0,0
"E807B",514,0,0,0.0741,0,0.8489,0.429075,0,0,0,0,0,0,0,0,0,0,0,0,0.01875,0,0,0,0,0,1.0199,0,0.0466,0,0,0,0,0,0,0,0,0,0,0,0,0,0,0,0,0,0,0,0,0,0,0,0,0,0,0,0,0
"E807B",515,0,0,0,0,2.379975,0.95855,0,0,0,0,0,0,0,0,0,0,0,0,0.308825,0,0,0,0,0,0,0,0.2,0,0,0,0,0,0,0,0,0,0,0,0,0,0,0,0,0,0,0,0,0,0,0,0,0,0,0,0,0
"E807B",516,0,0,1.5207,0,0,0,0,0,0,0,0,0,0,0,0,0.0331074446680081,0,0,0.14365,0,0,0,0,0,0,0,2.5028,0,0,0,0,0,0,0,0,0,0,0,0,0,0,0,0,0,0,0,0,0,0,0,0,0,0,0,0,0
"E807B",517,0,0,0,0,0,0,0,0.78675,0,0,0.2903,0.2398,0,0,0,0,0,0,0,0,0,0,0,0,0,0,2.6,0,0,0,0,0,0,0,1.3335,0,0,0,0,0,0,0,0,0,0,0,0,0,0,0,0.00525,0,0,0,0,0
"E807B",518,0,0,0,0,0,0,0,0,0,0,0,0,0,0,0,0,0,0,0.03175,3.6646,0,0,0,0,0,0,1.0476,0,0,0,0,0,0,0,0.577075,0,0,0,0,0,0,0,0,0,0,0,0,0,0.13015,0,0,0,0,0,0,0
"E807B",519,0,0,0,0,0,0,0,0.73875,0,0,0,0,0,0,0.374872837022133,0.230027766599598,0,0.011575,0.036675,0.5831,0,0,0,0,3.3295,0,0.1657,0,0,0,0,0,0,0.837725,0.7876,0,0,0,0,0,0,0,0,0,0,0,0,0,0.023675,0,0,0,0,0,0,0
"E807B",520,0,0,0,0,0.997875,0.398825,0,0.876075,0,0,0,0,0,0,0.288655533199195,1.74538309859155,0,0,0.192875,0,0,0,0,0,0.1424,0,0,0,0,0,0,0,0,0,3.3325,0,0,0,0,0,0,0,0,0,0,0,0,0,0,0,0,0,0,0,0,0
"A302",541,0.1006,0.1621,0.000699999999999994,0,0.806925,0.08205,0,0.236125,0,0,0.1499,0,0,0,0,0,0,0,0,0.0017,0,0,0,0,0,0,0.2129,0,0,0,0,0,0,0,1.46645,0,0,0,0,0,0,0,0,0,0,0,0,0,0,0,0,0,0,0,0,0
"A302",542,0,0.0266,0,0,0.1868,0.035375,0,0.0399,0,0,0.4865,0,0,0,0,0,0,0,0,0.3272,0,0,0,0,0.554,0,0.7168,0,0,0,0,0,0,0,0,0,0,0,0,0,0,0,0,0,0,0,0,0,0,0,0,0,0,0,0,0
"A302",543,0.1244,0.219,0.0249,0,0.458575,0.11425,0,0.05505,0,0,0.5434,0.0071,0,0,0,0.00355188606620477,0,0,0,0.08,0.0134,0,0,0,1.178,0,0.1,0,0,0,0,0,0,0,0.0113,0,0,0,0,0,0,0,0,0,0,0,0,0,0,0,0,0,0,0,0,0
"A302",544,0.0959,0.0727,0,0,0,0,0,0.0018,0,0,0.0919,0,0,0,0,0.000413010007698228,0,0,0.0154,0.2815,0.0149,0,0,0,1.061,0,0,0,0,0,0,0,0,0,0.34445,0,0,0,0,0,0,0,0,0,0,0,0,0,0,0,0,0,0,0,0,0
"A302",545,0.0618,0.0813,0.009,0,0,0,0,0.023675,0,0,0.9534,0,0,0,0,0.00280846805234796,0,0,0,0.3441,0,0,0,0,1.2752,0,0,0,0,0,0,0,0,0,0,0,0,0,0,0,0,0,0,0,0,0,0,0,0,0,0,0,0,0,0,0
"A302",546,0.1335,0.141,0,0,1.0572,0.13035,0,0,0,0,0.1554,0,0,0,0,0.000413010007698228,0,0,0,0.0226,0.0054,0,0,0,0.7504,0,0.5444,0,0,0,0,0,0,0,0,0,0,0,0,0,0,0,0,0,0,0,0,0,0,0,0,0,0,0,0,0
"A302",547,0.1057,0.0021,0,0,1.36785,0.372325,0,0.0618,0,0,0.6758,0,0,0,0,0.000165204003079296,0,0,0,0.1769,0,0,0,0,0.6966,0,0.9354,0,0,0,0,0,0,0,0.15025,0,0,0,0,0,0,0,0,0,0,0,0,0,0,0,0,0,0,0,0,0
"A302",548,0,0.0967,0,0,0.2034,0.0411,0,0.235175,0,0,0.2286,0,0,0,0,0,0,0,0,0.2281,0.0049,0.0264,0,0,0.5755,0,1.4695,0,0,0,0,0,0,0,0.89565,0,0,0,0,0,0,0,0,0,0,0,0,0,0,0,0,0,0,0,0,0
"A302",549,0.2016,0.0603,0.0908,0,0.11285,0.0259,0,0.010375,0,0,1.67,0.0109,0,0,0,0.0398141647421093,0,0,0,0.1411,0.0463,0,0,0,0.6206,0,0.596,0,0,0,0,0,0,0,0.0444,0,0,0,0,0,0,0,0,0,0,0,0,0,0,0,0,0,0,0,0,0
"A302",550,0,0.232,0,0,0.374675,0.0522,0,0.028575,0,0,0.1307,0,0,0,0,0.00289107005388761,0,0,0,0.2297,0,0,0,0,4.6198,0,0,0,0,0,0,0,0,0,0.315875,0,0,0,0,0,0,0,0,0,0,0,0,0,0,0,0,0,0,0,0,0
"A302",551,0,0.0423,0,0,1.445525,0.3132,0,0.029325,0,0,0.0346,0,0,0,0,0.023789376443418,0,0,0.0686,0.2698,0.0066,0,0,0,1.1602,0,0.6106,0,0,0,0,0,0,0,0,0,0,0,0,0,0,0,0,0,0,0,0,0,0,0,0,0,0,0,0,0
"A302",552,0.0809,0.2571,0,0,0.942475,0.151925,0,0.15385,0,0,0.3357,0.0149,0,0,0,0.00545173210161663,0,0,0,0.2669,0.00600000000000001,0,0,0,0,0,0.7256,0,0,0,0,0,0,0,0.799275,0,0,0,0,0,0,0,0,0,0,0,0,0,0,0,0,0,0,0,0,0
"A302",553,0.0059,0,0.0098,0,1.469375,0.318925,0,0.0485,0,0,0.2468,0,0,0,0,0.000578214010777516,0,0,0,0.0223,0.0021,0,0,0,0.4237,0,0.1635,0,0,0,0,0,0,0,0.194775,0,0,0,0,0,0,0,0,0,0,0,0,0,0,0,0,0,0,0,0,0
"A302",554,0.0115,0,0,0,2.432325,0.41815,0,0.16755,0,0,1.1309,0,0,0,0,0,0,0,0.0771,0.3262,0.0131,0.0886,0,0,0.9383,0,0.7598,0,0,0,0,0,0,0,0.94595,0,0,0,0,0,0,0,0,0,0,0,0,0,0,0,0,0,0,0,0,0
"A302",555,0.1805,0,0.0132,0,0,0,0,0.00985,0,0,0.5366,0,0,0,0,0.000908622016936097,0,0.0145,0.0381,0.2226,0.0011,0,0,0,0.1075,0,0.1422,0,0,0,0,0,0,0,0.024775,0,0,0,0,0,0,0,0,0,0,0,0,0,0,0,0,0,0,0,0,0
"A302",556,0.0479,0.1103,0.0427,0,0,0,0,0.0322,0,0,0.1354,0.00340000000000001,0,0,0,0.000330408006158584,0,0,0.1167,0.2454,0.0029,0,0,0,0.7926,0,0.5795,0,0,0,0,0,0,0,0,0,0,0,0,0,0,0,0,0,0,0,0,0,0,0,0,0,0,0,0,0
"A302",557,0.0139,0.1966,0.0072,0,1.28305,0.14305,0,0.026175,0,0,0.7075,0,0,0,0,0.0178420323325635,0,0,0,0.0652,0,0,0,0,1.3154,0,0.0537,0,0,0,0,0,0,0,0.0936,0,0,0,0,0,0,0,0,0,0,0,0,0,0,0,0,0,0,0,0,0
"A302",558,0.1673,0.089,0.00319999999999999,0,0.23235,0.029975,0,0.014575,0,0,0.1244,0,0,0,0,0.00206505003849115,0,0,0,0,0,0,0,0,1.1673,0,0,0,0,0,0,0,0,0,0,0,0,0,0,0,0,0,0,0,0,0,0,0,0,0,0,0,0,0,0,0
"A302",559,0.2037,0.101,0.0162,0,0.257175,0.009825,0,0,0,0,0.3311,0.0092,0,0,0,0,0,0,0,0.0653,0,0,0,0,0.8641,0,0.1415,0,0,0,0,0,0,0,0,0,0,0,0,0,0,0,0,0,0,0,0,0,0,0,0,0,0,0,0,0
"A302",560,0.0725,0.118,0.0018,0,0.836825,0.12205,0,0,0,0,0.3173,0,0,0,0,0.00627775211701309,0,0,0.1342,0.0983,0.0104,0.00630000000000001,0,0,3.0683,0,0.3721,0,0,0,0,0,0,0,0.066,0,0,0,0,0,0,0,0,0,0,0,0,0,0,0,0,0,0,0,0,0
"A34",621,0,0,0,0,4.616475,3.890275,0,0,0,0,0.1737,0,0,0,0,0,0,0,0,0.0807,0.0264,0.0252,0,0,0,0,0.1704,0,0,0,0,0,0,0,4.0945,0,0,0,0,0,0,0,0,0,0,0,0,0,0,0,0,0,0,0,0,0
"A34",622,0.0543,0,0,0,0,0,0,0,0,0,0.33,0,0,0,0,0,0,0,0,0,0,0.0808,0,0,1.2336,0,0,0,0,0,0,0,0,0,1.2403,0,0,0,0,0,0,0,0,0,0,0,0,0,0,0,0,0,0,0,0,0
"A34",623,0.0163,0,0,0,0.8317,0.78165,0.086,0,0,0,0.8516,0,0,0,0,0,0,0,0.2158,0.057,0,0.2419,0,0,0.5834,0,0.0228,0,0,0,0,0,0,0,0.9162,0,0,0,0,0,0,0,0,0,0,0,0,0,0,0,0,0,0,0,0,0
"A34",624,0.1497,0,0.1049,0,0.5048,0.6095,0,0,0,0,0.9344,0,0,0,0,0,0,0,0.0069,0.262,0,0.0598,0,0,0.2829,0,0,0,0,0,0,0,0,0,0,0,0,0,0,0,0,0,0,0,0,0,0,0,0,0,0,0,0,0,0,0
"A34",625,0,0,0.186,0,0,0,0,0.0819,0,0,0.2714,0,0,0,0,0,0,0,0.5124,0.0413,0.0135,0.3288,0,0,0.4855,0,0,0,0,0,0,0,0,0,1.694,0,0,0,0,0,0,0,0,0,0,0,0,0,0,0,0,0,0,0,0,0
"A34",626,0.0983,0,0.3124,0,0,0,0,0.3832,0,0,1.1334,0,0,0,0,0,0,0,0,0.1051,0,0,0,0,0.476,0,0,0,0,0,0,0,0,0,0,0,0,0.03735,0,0,0,0,0,0,0,0,0,0,0,0,0,0,0,0,0,0
"A34",627,0.2017,0.1118,0.163,0,0.296175,0.31415,0,0.0275,0,0,1.5979,0,0,0,0,0,0,0,0.3265,0.0629,0.0307,0,0,0,0.4852,0,0,0,0,0,0,0,0,0,0.7369,0,0,0,0,0,0,0,0,0,0,0,0,0,0,0,0,0,0,0,0,0
"A34",628,0.0217,0.0848,0.2215,0,0,0,0,0.196775,0,0,0.2059,0,0,0,0,0,0,0,0.6242,0,0.2459,0,0,0,0.1907,0,0,0,0,0,0,0,0,0,0.2298,0,0,0,0,0,0,0,0,0,0,0,0,0,0,0,0,0,0,0,0,0
"A34",629,0.3079,0,0.2975,0,0,0,0,0,0,0,1.1182,0,0.1586,0,0,0,0,0,0,0,0,0,0,0,0.341,0,0,0,0,0,0,0,0,0,0,0,0,0,0,0,0,0,0,0,0,0,0,0,0,0,0,0,0,0,0,0
"A34",630,0,0,0.8446,0,0,0,0.063,0.247175,0,0,1.1437,0,0,0,0,0,0,0,0,0.0139,0,0.0425,0,0,0.1859,0,0.1039,0,0,0,0,0,0,0,1.5508,0,0,0,0,0,0,0,0,0,0,0,0,0,0,0,0,0,0,0,0,0
"A34",631,0.0257,0,0.0955,0,0.4544,0.287975,0,0.140675,0,0,0.5797,0,0,0,0,0,0,0,0.0101,0,0,0,0,0,0.5284,0,0,0,0,0,0,0,0,0,0,0,0,0,0,0,0,0,0,0,0,0,0,0,0,0,0,0,0,0,0,0
"A34",632,0,0,0.2435,0,0.062375,0.0513,0,0.009525,0,0,0.1379,0,0,0,0,0,0,0,0.2237,0.1317,0.00949999999999999,0,0,0,0.1866,0,0.0779,0,0,0,0,0,0,0,1.6359,0,0,0,0,0,0,0,0,0,0,0,0,0,0,0,0,0,0,0,0,0
"A34",633,0.0291,0.0381,0.9457,0,0,0,0,0.1031,0,0,0.6644,0,0,0,0,0,0,0,0.0564,0.0525,0.188,0,0,0,0.1187,0,0,0,0,0,0,0,0,0,0.4996,0,0,0,0,0,0,0,0,0,0,0,0,0,0,0,0,0,0,0,0,0
"A34",634,0.0501,0,0.4249,0,0,0,0,0,0,0,0.8416,0,0,0,0,0,0,0,0,0,0,0,0,0,1.9527,0,0,0,0,0,0,0,0,0,0.0072,0,0,0,0,0,0,0,0,0,0,0,0,0,0,0,0,0,0,0,0,0
"A34",635,0.1183,0.0807,2.0082,0,0,0,0,0,0,0,1.7433,0.0449,0,0,0,0,0,0,0,0,0,0,0,0,0,0,0,0,0,0,0,0,0,0,0,0,0,0,0,0,0,0,0,0,0,0,0,0,0,0,0,0,0,0,0,0
"A34",636,0.2573,0,0.3701,0,0.49835,0.4126,0,0,0,0,1.3572,0,0,0,0,0,0,0,0,0.1245,0,0,0,0,0,0,0.0826,0,0,0,0,0,0,0,0,0,0,0,0,0,0,0,0,0,0,0,0,0,0,0,0,0,0,0,0,0
"A34",637,0.2886,0,0.1213,0,0,0,0,0,0,0,1.5497,0,0,0,0,0,0,0,0.017,0.0298,0,0,0,0,0.5071,0,0.1676,0,0,0,0,0,0,0,0,0,0,0,0,0,0,0,0,0,0,0,0,0,0,0,0,0,0,0,0,0
"A34",638,0.2243,0,0.0778,0,0,0,0,0,0,0,0.3172,0,0.0158,0,0,0,0,0,0,0.0093,0,0,0,0,0,0,0,0,0,0,0,0,0,0,0,0,0,0,0,0,0,0,0,0,0,0,0,0,0,0,0,0,0,0,0,0
"A34",639,0.0126,0.1064,0.0647,0,0.41275,0.428025,0,0,0,0,0.4957,0,0,0,0,0,0,0,0.0242,0.3523,0,0,0,0,0.8639,0,0.0752,0,0,0,0,0,0,0,0,0,0,0,0,0,0,0,0,0,0,0,0,0,0,0,0,0,0,0,0,0
"A34",640,0.193,0,0.4636,0,0.353725,0.43945,0,0,0,0,2.0926,0,0,0,0,0,0,0,0.0142,0,0,0,0,0,0.4132,0,0,0,0,0,0,0,0,0,0,0,0,0,0,0,0,0,0,0,0,0,0,0,0,0,0,0,0,0,0,0
"A18",641,0,0,0.7919,0,0.078775,0.062175,0,0,0,0,0.8814,0,0,0,0,0.053660593654043,0,0,0,0.2184,0.0433,0.4168,0,0,0.0601,0,0.233,0,0,0,0,0,0,0,1.4896,0,0,0.143025,0,0,0,0,0,0,0,0,0,0,0,0,0,0,0,0,0,0
"A18",642,0.0505,0.0299,0.4577,0,0,0,0,0,0,0,0.9378,0,0,0,0,0,0,0,0.1959,0,0,0,0,0,0,0,0,0,0,0,0,0,0,0,0.1631,0,0,0,0,0,0,0,0,0,0,0,0,0,0,0,0,0,0,0,0,0
"A18",643,0.0151,0,0.6369,0,0,0,0,0,0,0,0.386,0,0,0,0,0,0,0,0,0,0,0,0,0,0.2963,0,0.0166,0,0,0,0,0,0,0,0.4387,0,0,0,0,0,0,0,0,0,0,0,0,0,0,0,0,0,0,0,0,0
"A18",644,0.1149,0.2042,0.2156,0,0,0,0,0,0,0,0.6357,0,0.0438,0,0,0,0,0,0.0686,0,0,0,0,0,0.5738,0,0,0,0,0,0,0,0,0.241075,0,0,0,0,0,0,0,0,0,0,0,0,0,0,0,0,0,0,0,0,0,0
"A18",645,0.0172,0.0951,0.5315,0,0,0,0,0.04235,0,0,0.4204,0,0,0,0,0,0,0,0.3325,0,0,0,0,0,0.226,0,0,0,0,0,0,0,0,0,0,0,0,0.572775,0,0,0,0,0,0,0,0,0,0,0,0,0,0,0,0,0,0
"A18",646,0,0,0.7854,0,0,0,0,0,0,0,0.2127,0,0,0,0,0,0,0,0.0988,0,0,0,0,0,0.354,0,1.5099,0,0,0,0,0,0,0,0.5227,0,0,0,0,0,0,0,0,0,0,0,0,0,0,0,0,0,0,0,0,0
"A18",647,0.0098,0.1082,0,0,2.133325,1.492175,0,0.026025,0,0,0.9465,0.0138,0,0,0,0,0,0,0,0,0,0,0,0,0.0705,0,0.3216,0,0,0,0,0,0,0,0.6127,0,0,0,0,0,0,0,0,0,0,0,0,0,0,0,0,0,0,0,0,0
"A18",648,0.0714,0.0884,0.5472,0,0,0,0,0.07805,0,0,0.4507,0,0,0,0,0,0,0,0.1645,0,0,0,0,0,0,0,0.0564,0,0,0,0,0,0,0,3.8315,0,0,0,0,0,0,0,0,0,0,0,0,0,0,0,0,0,0,0,0,0
"A18",649,0.0353,0.0705,0,0,0,0,0,0.2152,0,0,0.1467,0.0375,0,0,0,0,0,0,0,0,0,0,0,0,0.5703,0,0.1743,0,0,0,0,0,0,4.835425,0.6946,0,0,0,0,0,0,0,0,0,0,0,0,0,0,0,0,0,0,0,0,0
"A18",650,0.0439,0.1065,0.2445,0,0.414925,0.198425,0,0.28525,0,0,0.331,0,0,0,0,0,0,0,0.0689,0,0,0.1303,0,0,0,0,0,0,0,0,0,0,0,2.79385,3.5455,0,0,0,0,0,0,0,0,0,0,0,0,0,0,0,0,0,0,0,0,0
"A18",651,0.0137,0.1014,0.0378,0,0,0,0,0.05395,0,0,0.2273,0,0,0,0,0,0,0,0.0217,0,0,0.33,0,0,0.027,0,0.9374,0,0,0,0,0,0,0,4.1851,0,0,0,0,0,0,0,0,0,0,0,0,0,0,0,0,0,0,0,0,0
"A18",652,0,0,0.0428,0,0,0,0,0.0136,0,0,0.4957,0,0,0,0,0.0122814738996929,0,0,0.1625,0.0591,0.012,0.0318,0,0,1.6704,0,0.1062,0,0,0,0,0,0,0,0,0,0,0,0,0,0,0,0,0,0,0,0,0,0,0,0,0,0,0,0,0
"A18",653,0,0,0.2367,0,0.85445,1.206925,0,0.007325,0,0,0.1133,0,0,0,0,0,0,0.1707,0.4419,0,0.3061,0,0,0,0,0,0.8588,0,0,0,0,0,0,0,0.1433,0,0,0,0,0,0,0,0,0,0,0,0,0,0,0,0,0,0,0,0,0
"A18",654,0,0.0472,1.2426,0,0,0,0,0.017,0,0,0.0831,0,0,0,0,0,0,0,0,0.4267,0.0659,0,0,0,0.1698,0,0.2133,0,0,0,0,0,0,0,2.3485,0,0,0,0,0,0,0,0,0,0,0,0,0,0,0,0,0,0,0,0,0
"A18",655,0,0.0305,2.5453,0,0,0,0,0,0,0,0.4841,0,0,0,0,0,0,0,0,0.3566,0,0,0,0,0.434,0,0.0254,0,0,0,0,0,0,0,0,0,0,0,0,0,0,0,0,0,0,0,0,0,0,0,0,0,0,0,0,0
"A18",656,0.0998,0.0373,0.4108,0,0,0,0,0.014825,0,0,1.0911,0,0,0,0,0.0263579324462641,0,0,0.0809,0.1442,0,0,0,0,0.2483,0,0,0,0,0,0,0,0,0,0,0,0,0,0,0,0,0,0,0,0,0,0,0,0,0,0,0,0,0,0,0
"A18",657,0.1948,0,0.2674,0,0.0817,0.038075,0,0,0,0,1.4281,0,0,0,0,0,0,0,0.2387,0,0,0,0,0,0.2819,0,0.3523,0,0,0,0,0,0,0,0.0567,0,0,0,0,0,0,0,0,0,0,0,0,0,0,0,0,0,0,0,0,0
"A18",658,0,0,1.4984,0,0,0,0,0,0,0,0.5919,0,0,0,0,0,0,0,0.0405,0,0,0,0,0,0,0,0.965,0,0,0,0,0,0,0,0,0,0,0,0,0,0,0,0,0,0,0,0,0,0,0,0,0,0,0,0,0
"A18",659,0.029,0.0607,1.8845,0,0,0,0,0,0,0,0.2898,0,0,0,0,0,0,0,0,0.8496,0,0.0549,0,0,0,0,0.0794,0,0,0,0,0,0,0,2.8153,0,0,0,0,0,0,0,0,0,0,0,0,0,0,0,0,0,0,0,0,0
"A18",660,0,0,1.0826,0,0.6281,0.40515,0,0,0,0,0.0515,0,0,0,0,0,0,0,0.1257,0.1311,0.0034,0,0,0,1.5759,0,1.3405,0,0,0,0,0,0,0,0.6496,0,0,0,0,0,0,0,0,0,0,0,0,0,0,0,0,0,0,0,0,0
"A213",661,0,0,0,0,1.17175,0.94585,0,0,0,0,0.2658,0,0,0,0,0.0353962264150943,0,0,0,0,0,0,0,0,2.0898,0,0,0,0,0,0,0,0,0,0,0,0,0,0,0,0,0,0,0,0,0,0,0,0,0,0,0,0,0,0,0
"A213",662,0,0,0.0071,0,0.898825,0.597325,0,0,0,0,0,0,0,0,0,0,0,0,0,0,0,0,0,0,0.8571,0,0,0,0,0,0,0,0,0,0,0,0,0,0,0,0,0,0,0,0,0,0,0,0,0,0,0,0,0,0,0
"A213",663,0,0,0.0153,0,0.3458,0.280575,0,0,0,0,0.0266,0,0,0,0,0,0,0,0,0,0,0,0,0,1.2028,0,0.0769,0,0,0,0,0,0,0,0,0,0,0,0,0,0,0,0,0,0,0,0,0,0,0,0,0,0,0,0,0
"A213",664,0,0,0.0303,0,0.8865,1.498825,0,0,0,0,0.0583,0,0,0,0,0,0,0,0,0,0.0989,0,0,0,1.5864,0,0,0,0,0,0,0,0,0,0.548725,0,0,0,0,0,0,0,0,0,0,0,0,0,0,0,0,0,0,0,0,0
"A213",665,0,0,0,0,1.1888,1.497525,0,0.007975,0,0,0,0,0,0,0,0,0,0,0.0386,0.1298,0.5087,0,0,0,0.7521,0,0.1275,0,0,0,0,0,0,0,0.687775,0,0,0,0,0,0,0,0,0,0,0,0,0,0,0,0,0,0,0,0,0
"A213",666,0,0,0,0,0.2817,0.273575,0,0.045375,0,0,0,0,0,0,0,0,0,0,0,0,0,0,0,0,0.292,0,0.1138,0,0,0,0,0,0,0,6.14215,0,0,0,0,0,0,0,0,0,0,0,0,0,0,0,0,0,0,0,0,0
"A213",667,0,0,0,0,0.895325,0.58405,0,0,0,0,0,0,0,0,0,0,0,0,0,0.0532,0,0,0,0,0.3481,0,0.1039,0,0,0,0,0,0,0,0,0,0,0,0,0,0,0,0,0.0066,0,0,0,0,0,0,0,0,0,0,0,0
"A213",668,0,0,0,0,1.27395,0.53835,0,0.0091,0,0,0.0323,0,0,0,0,0,0,0,0,0,0,0,0,0,1.2357,0,0.1944,0,0,0,0,0,0,0,0,0,0,0,0,0,0,0,0,0,0,0,0,0,0,0,0,0,0,0,0,0
"A213",669,0.0201,0,0,0,1.180375,0.446975,0,0,0,0,0.3915,0,0,0,0,0,0,0,0,0,0,0,0,0,0.7423,0,0.076,0,0,0,0,0,0,0,0,0,0,0,0,0,0,0,0,0,0,0,0,0,0,0,0,0,0,0,0,0
"A213",670,0,0,0,0,0.5085,0.966925,0,0.051275,0,0,0,0,0,0,0,0,0,0,0,0,0,0,0,0,0.9904,0,0.0208,0,0,0,0,0,0,0,0,0,0,0,0,0,0,0,0,0,0,0,0,0,0,0,0,0,0,0,0,0
"A213",671,0,0.0042,0,0,0.990975,0.552725,0,0.00125,0,0,0.0338,0,0,0,0,0,0,0,0,0,0,0,0,0,3.1879,0,0,0,0,0,0,0,0,0,0,0,0,0,0,0,0,0,0,0,0,0,0,0,0,0,0,0,0,0,0,0
"A213",672,0,0,0,0,2.079175,1.3685,0,0,0,0,0.0607,0,0,0,0,0,0,0,0,0,0,0,0,0,0.4714,0,0.1842,0,0,0,0,0,0,0,0,0,0,0,0,0,0,0,0,0,0,0,0,0,0,0,0,0,0,0,0,0
"A213",673,0,0,0,0,0.80385,0.560975,0,0.026075,0,0,0.1429,0,0,0,0,0,0,0,0,0,0,0,0,0,0.9154,0,0.0079,0,0,0,0,0,0,0,0,0,0,0,0,0,0,0,0,0,0,0,0,0,0,0,0,0,0,0,0,0
"A213",674,0,0,0,0,0.399075,0.17955,0,0,0,0,0.3729,0,0,0,0,0,0,0,0,0,0,0,0,0,1.7241,0,0.2078,0,0,0,0,0,0,0,0,0,0,0,0,0,0,0,0,0,0,0,0,0,0,0,0,0,0,0,0,0
"A213",675,0.0107,0.0058,0,0,0.2259,0.28015,0,0,0,0,0.0855,0,0,0,0,0,0,0,0,0,0,0,0,0,1.858,0,0.0531,0,0,0,0,0,0,0.663025,0,0,0,0,0,0,0,0,0,0,0,0,0,0,0,0,0,0,0,0,0,0
"A213",676,0,0.1909,0,0,1.145875,0.939675,0,0.04835,0,0,0.0143,0,0,0,0,0,0,0,0,0,0,0,0,0,1.1831,0,0.1814,0,0,0,0,0,0,1.43535,0,0,0,0,0,0,0,0,0,0,0,0,0,0,0,0,0,0,0,0,0,0
"A213",677,0,0,0.0122,0,0.434125,0.358,0,0.010575,0,0,0.0196,0,0,0,0,0,0,0,0,0,0,0,0,0,0.508,0,0,0,0,0,0,0,0,0,0,0,0,0,0,0,0,0,0,0,0,0,0,0,0,0,0,0,0,0,0,0
"A213",678,0,0,0.0114,0,0.3708,0.246075,0,0,0,0,0.0728,0,0,0,0,0.0316037735849057,0,0,0,0,0,0,0,0,1.416,0,0,0,0,0,0,0,0,0,0,0,0,0,0,0,0,0,0,0,0,0,0,0,0,0,0,0,0,0,0,0
"A213",679,0,0,0.0108,0,1.170825,1.081075,0,0,0,0,0.0657,0,0,0,0,0,0,0,0,0,0,0,0,0,2.0916,0,0.0606,0,0,0,0,0,0,0,0,0,0,0,0,0,0,0,0,0,0,0,0,0,0,0,0,0,0,0,0,0
"A213",680,0.0165,0,0,0,2.054225,1.625025,0,0.013075,0,0,0.0694,0,0,0,0,0,0,0,0,0,0,0,0,0,0.7008,0,0,0,0,0,0,0,0,0,1.28065,0,0,0,0,0,0,0,0,0,0,0,0,0,0,0,0,0,0,0,0,0
"E505",681,0,0,0.0263,0,0,0,0,0,0,0,1.9894,0,0,0,0,0,0,0,0,0.1681,0,0,0,0,0,0.018,0.994,0,0,0,0,0,0,0,0,0,0,0,0,0,0,0,0,0,0,0,0,0,0,0,0,0,0,0,0,0
"E505",682,0.0416,0,0.139,0,0,0,0,0,0,0,0.7521,0,0,0,0,0,0,0,0.1063,0,0,0,0,0,0,0.059375,1.3813,0,0,0,0,0,0,0,0,0,0.27755,0,0,0,0,0,0,0,0,0,0,0,0,0,0,0,0,0,0,0
"E505",685,0,0,0,0,0,0,0,0,2.7482,2.58285,1.5683,0,0,0,0,0,0,0,0,0.2399,0,0,0,0,0,0,2.4928,0,0,0,0,0,0,0,0,0,0,0,0,0,0,0,0,0,0,0,0,0,0,0,0,0,0,0,0,0
"E505",686,0,0,0.0151,0,0,0,0,0.63405,0,0,1.1297,0,0,0,0,0.0660752092467118,0,0,0,0,0,0,0,0,0,0.003525,1.4334,0,0,0,0,0,0,0,0,0,0,0,0,1.2138,0,0,0,0,0,0,0,0,0,0,0,0,0,0,0,0
"E505",687,0,0,0,0,0,0,0,0,0,0,0,0,0,0,0,0,0.4403,0,0,0,0,0,0,0,0,0,0.7697,0,0,0,0,0,0,0,0,0,1.227125,0,0,0,0,0,0,0,0,0,0,0,0,0,0,0,0,0,0,0
"E505",688,0,0,0,0,0,0,0,0.001525,0,0,0,0.6134,0,0,0,0,0,0,0,0,0,0,0,0,0,0,0.026,0,0,0,0,0,0,0,0,0,0.5453,0,0,0,0,0,0,0,0,0,0,0,0,0,0,0,0,0,0,0
"E505",689,0.0244,0,0,0,0,0,0,0,0,0,1.6811,0.2842,0,0,0,0,0,0,0,0,0,0,0,0,0,0,1.0009,0,0,0,0,0,0,0,0,0,0,0,0,0,0,0,0,0,0,0,0,0,0,0,0,0,0,0,0,0
"E505",690,0,0,0.1297,0,0,0,0,0,0,0,0.8276,0,0,0,0,0,0.4159,0,0,0,0,0,0,0,0,0,0.6242,0,0,0,0,0,0,0,0,0,0,0,0,0,0,0,0,0,0,0,0,0,0,0,0,0,0,0,0,0
"E505",691,0,0,0,0,0.2342,0.194075,0,0.46815,0,0,0.6312,0,0,0,0,0,0.0188,0,0,0,0,0.0247,0,0,0,0.051875,2.6307,0,0,0,0,0,0,0,0,0,0,0,0,0.6225,0,0,0,0,0,0,0,0,0,0,0.01325,0,0,0,0,0
"E505",692,0,0,0.0357,0,0,0,0,0.158525,0,0,2.6266,0,0,0,0,0,0,0,0,0,0,0,0,0,0.2449,0,0.7223,0,0,0,0,0,0,0,0,0,0,0,0,0.155525,0,0,0,0,0,0,0,0,0,0,0,0,0,0,0,0
"E505",693,0,0.0429,0,0,0,0,0,0.0128,0,0,0.2484,0,0,0,0,0,0,0,0,0.9763,0,0,0,0,0,0,0.4661,0,0,0,0,0,0,0,0,0,0,0,0,0.326075,0,0,0,0,0,0,0,0,0,0,0,0,0,0,0,0
"E505",694,0.1229,0,0,0,0,0,0,0.107975,0,0,0.1626,0,0,0,0,0.393272379434037,0.0677,0,0,0,0,0,0,0,1.9345,0,0.1806,0,0,0,0,0,0,0,0,0,0,0,0,0,0,0,0,0,0,0,0,0,0,0,0,0,0,0,0,0
"E505",695,0.1932,0,0,0,0,0,0,0.009975,0,0,1.4604,0.0449,0,0,0,0,0.5113,0,0,0,0,0,0,0,0.7171,0,0.3099,0,0,0,0,0,0,0,0,0,0,0,0,0,0,0,0,0,0,0,0,0,0,0,0,0,0,0,0,0
"E505",696,0.1134,0,0.0903,0,0,0,0,0,0,0,0.8664,0,0,0,0,0,0,0,0,0,0,0,0,0,1.4188,0,0.4521,0,0,0,0,0,0,0,0,0,0,0,0,0,0,0,0,0,0,0,0,0,0,0,0,0,0,0,0,0
"E505",697,0,0,0.0298,0,0.380375,0.2558,0,0,0,0,2.3579,0,0,0,0,0,0,0,0,0,0,0,0,0,0,0.005825,0.7236,0,0,0,0,0,0,0,0,0,0,0,0,0,0,0,0,0,0,0,0,0,0,0,0,0,0,0,0,0
"E505",698,0,0,0,0,0,0,0,0.00865,0,0,0.2956,0,0,0,0,0,0,0,0.5044,0,0,0,0,0,0,0.07835,1.7234,0,0,0,0,0,0,0,0,0,0,0,0,0,0,0,0,0,0,0,0,0,0,0,0,0,0,0,0,0
"E505",699,0.0774,0,0.1642,0,0,0,0,0,0,0,1.6207,0.0755,0,0,0,0,0,0,0,0,0,0,0,0,0,0,0.3795,0,0,0,0,0,0,0,0,0,0,0,0,0,0,0,0,0,0,0,0,0,0,0,0,0,0,0,0,0
"E505",700,0,0.0485,0,0,0,0,0,0.03305,0.038725,0,0.3209,0,0,0,0,0,0.0976,0,0.0082,0.2553,0,0,0,0,0.6602,0,6.3743,0,0,0,0,0,0,0,0,0,0,0,0,0,0,0,0,0,0,0,0,0,0,0,0,0,0,0,0,0
"E403B",801,0.0076,0,0.0475,0,0,0,0,0.02875,0,0,0.6884,0.0165,0,0,0.237135646163945,0,0,0,0,0,0,0,0,0,0,0,0.3514,0,0,0,0,0,0,0,0,0,0,0,0,0.02425,0,0,0,0,0,0,0,0,0,0,0,0,0,0,0,0
"E403B",802,0.0075,0,0,0,0,0,0,0.069,0,0,1.6527,0.0243,0,0,0.921667855901772,0,0,0,0,0,0,0,0,0,0,0,0.8755,0,0,0,0,0,0,0,0,0,0,0,0,0,0,0,0,0,0,0,0,0,0,0,0,0,0,0,0,0
"E403B",803,0.3239,0,0.0703,0,0,0,0,0.02995,0,0,1.2736,0.1524,0,0,0,0,0,0,0,0,0,0,0,0,0.0622,0,0.1227,0,0,0,0,0,0,0,0,0,0,0,0,0,0,0,0,0,0,0,0,0,0,0,0,0,0,0,0,0
"E403B",804,0.109,0,0,0,0,0,0,1.144875,0,0,0.0744,0,0,0,0,0.0271647438125024,0,0,0,0,0,0,0,0,1.1426,0,0,0,0,0,0,0,0,1.206825,0,0,0,0,0,0.009675,0,0,0,0,0,0,0,0,0.309325,0,0,0,0,0,0,0
"E403B",805,0.0882,0,0.0492,0,0,0,0,0.278425,0,0,0.1289,0.0201,0,0,0,0.0239745781690413,0,0,0,0,0,0,0,0,0,0,0,0,0,0,0,0,0,3.669975,0,0,0,0,0,0,0,0,0,0,0,0,0,0,0,0,0,0,0,0,0,0
"E403B",806,0.1397,0,0,0,0,0,0,0.006325,0,0,1.7403,0,0,0,0.120162905903703,0,0,0,0,0,0,0,0,0,0,0,0.0419,0,0,0,0,0,0,0,0,0,0,0,0,0,0,0,0,0,0,0,0,0,0,0,0,0,0,0,0,0
"E403B",807,0.055,0,0,0,0,0,0,0.0566,0,0,0.0643,0,0,0,0.0815909031236727,0,0,0,0,0.2199,0,0,0,0,0,0,0.00949999999999999,0,0,0,0,0,0,1.588025,0,0,0,0,0,0,0,0,0,0,0,0,0,0,0,0,0,0,0,0,0,0
"E403B",808,0,0,0.0735,0,0,0,0,0.041125,0,0,0.5113,0,0,0,0.682792119386849,0,0,0,0,0,0,0,0,0,0.055,0,0.1817,0,0,0,0,0,0,0,0,0,0,0,0,0,0,0,0,0,0,0,0,0,0,0,0,0,0,0,0,0
"E403B",809,0.2416,0.118,0.2941,0,0,0,0,0.12915,0,0,0.8587,0,0,0,0.583703641067223,0.0188509788022704,0,0,0,0,0,0,0,0,0,0,0.1002,0,0,0,0,0,0,0.568225,0,0,0,0,0,0,0,0,0,0,0,0,0,0,0,0,0,0,0,0,0,0
"E403B",810,0.1299,0,0.0054,0,0,0,0,0,0,0,0.2088,0.326,0,0,0.438792783505155,0,0,0,0,0,0,0,0,0,0.2425,0,0.0953,0,0,0,0,0,0,0,0,0,0,0,0,0,0,0,0,0,0,0,0,0,0,0,0,0,0,0,0,0
"E403B",811,0.1198,0,0,0,0,0,0,0,0,0,1.3715,0.1027,0,0,0.0534594424495154,0.0169175450789606,0,0,0,0,0,0,0,0,0,0,0.2528,0,0,0,0,0,0,0,0,0,0,0,0,0,0,0,0,0,0,0,0,0,0,0,0,0,0,0,0,0
"E403B",812,0.0311,0,0,0,0,0,0,0.330725,0,0,0.0541,0,0,0,0.177102529055176,0,0,0,0.1168,0,0,0,0,0,0.8272,0,0.1781,0,0,0,0,0,0,0.52675,0,0,0,0,0,0,0,0.071325,0,0,0,0,0,0,0,0,0,0,0,0,0,0
"E403B",813,0.0918,0,0.1384,0,0,0,0,0.174975,0,0,0.5343,0.0464,0,0,0.225825058882582,0,0,0,0,0,0,0,0,0,0.4105,0,0.4241,0,0,0,0,0,0,0,0,0,0,0,0,0,0,0,0.00535,0,0,0,0,0,0,0,0,0,0,0,0,0
"E403B",814,0.0726,0,0,0,0,0,0,0.0833,0,0,1.1945,0.0412,0,0,0.342701127456658,0,0,0,0,0,0,0,0,0,0,0,0,0,0,0,0,0,0,0,0,0,0,0,0,0,0,0,0,0,0,0,0,0,0,0,0,0,0,0,0,0
"E403B",815,0,0,0,0,5.0325,1.90495,0,0,0,0,0,0,0,0,1.32507880227036,0,0,0,0,0,0,0,0,0,0,0,0.0226,0,0,0,0,0,0,0,0,0,0,0,0,0,0,0,0,0,0,0,0,0,0,0,0,0,0,0,0,0
"E403B",816,0,0,0,0,0,0,0,0.011975,0,0,1.4001,0.0621,0,0,0.985761183829491,0,0,0,0,0,0,0,0,0,0.033,0,0,0,0,0,0,0,0,0,0,0,0,0,0,0,0,0,0,0,0,0,0,0,0,0,0,0,0,0,0,0
"E403B",817,0.0182,0,0,0,0,0,0,0.36015,0,0,0.325,0.0434,0,0,0,0.00444689756361249,0,0,0.2313,0,0,0,0,0,0.0051,0,0.4893,0,0,0,0,0,0,0,0,0,0,0,0,0,0,0.641425,0,0,0,0,0,0,0,0,0,0,0,0,0,0
"E403B",818,0.00109999999999999,0,0,0,0,0,0,0,0,0,1.0631,0.0127,0,0,0,0,0,0,0,0,0,0,0,0,0,0,0,0,0,0,0,0,0,0,0,0,0,0,0,0,0,0,0,0,0,0,0,0,0,0,0,0,0,0,0,0
"E403B",819,0.0994,0,0.0993,0,0,0,0,0.1926,0,0,3.2044,0,0,0,0.303645766245801,0,0,0,0,0,0,0,0,0,0,0,1.1337,0,0,0,0,0,0,0,0,0,0,0,0,0,0,0.0088,0,0,0,0,0,0,0,0,0,0,0,0,0,0
"E403B",820,0.1533,0.397,0.0801,0,0,0,0,0.78295,0,0,2.1391,0.1763,0,0,0.940325491331712,0,0,0,0,0.0333,0,0,0,0,0.3038,0,0.7838,0,0,0,0,0,0,0.685475,0,0,0,0,0,0,0,0.924775,0,0,0,0,0,0,0,0,0,0,0,0,0,0
"E501B",821,0,0,0.0371,0,2.0719,0.137,0,0,0,0,1.1056,0,0,0,0,0,0,0,0,0,0,0,0,0,0,0,1.53905,0,0,0,0,0,0,0,0,0,0,0,0,0,0,0,0,0,0,0,0,0,0,0,0,0,0,0,0,0
"E501B",822,0,0,0.7184,0,2.26185,2.598275,0.174275,0,0,0,1.4152,0,0,0,0,0,0,0,0,0,0,0,0,0,0,0,1.03275,0,0,0,0,0,0,0.036125,0,0,0,0,0,0,0,0,0,0,0,0,0,0.024175,0,0,0,0,0,0,0,0
"E501B",823,0,0,0,0,1.65385,1.4746,0,0,0,0,0.8882,0,0,0,0,0,0,0,0,0.0748,0,0,0,0,0.07,0,1.519175,0,0,0,0,0,0,0.4958,0,0,0,0,0,0,0,0,0,0,0,0,0,0,0,0,0,0,0,0,0,0
"E501B",824,0.0173,0,0.0558,0,0,0,0,0,0,0,0.9276,0,0,0,0,0.0623711111111111,0,0,0,0,0,0,0,0,0.01435,0,1.176775,0,0,0,0,0,0,0.402825,0,0,0,0,0,0,0,0,0,0,0,0,0,0,0,0,0,0,0,0,0,0
"E501B",825,0,0,0.2086,0,0,0,0.0111,0,0,0,0,0,0,0,0,0,0,0,0,0,0,0,0,0,0.097825,0,1.136675,0,0,0,0,0,0,0.1978,0,0,0,0,0,0,0,0,0,0,0,0,0,0.00645,0,0,0,0,0,0,0,0
"E501B",826,0.1826,0,0.147,0,0,0,0,0,0,0,0.1666,0,0,0,0,0.0909069135802469,0,0,0,0.0194,0,0,0,0,0.5646,0,0.58845,0,0,0,0,0,0,0,0,0,0,0,0,0,0,0,0,0,0,0,0,0,0,0,0,0,0,0,0,0
"E501B",827,0.0621,0,0.1634,0,0,0,0,0,0,0,2.3323,0,0,0,0,0,0,0,0.0843,0,0,0,0,0,0.02735,0,1.239125,0,0,0,0,0,0,0,0,0,0,0,0,0,0,0,0,0,0,0,0,0,0,0,0,0,0,0,0,0
"E501B",828,0.0482,0,0.0364,0,1.181075,0.979225,0,0,0,0,2.6761,0,0,0,0,0,0,0,0,0,0,0,0,0,0,0,0.3919,0,0,0,0,0,0,0,0,0,0,0,0,0,0,0,0,0,0,0,0,0,0,0,0.700925,0,0,0,0,0
"E501B",829,0.5024,0,0.2313,0,2.12275,1.761375,0,0,0,0,0,0,0,0,0,0,0,0,0,0,0,0,0,0,0,0,0.101275,0,0,0,0,0,0,0,0,0,0,0,0,0,0,0,0,0,0,0,0,0,0,0,0,0,0,0,0,0
"E501B",830,0.0164,0,0.0797,0,0,0,0,0,0,0,0,0,0,0,0,0.011821975308642,0,0,0,0,0,0,0,0,0,0,1.8306,0,0.0015,0,0,0,0,0,0,0,0,0,0,0,0,0,0,0,0,0,0,0,0,0,0,0,0,0,0,0
"E501B",831,0,0,0.0353,0,2.627925,2.845125,0,0,0,0,5.1818,0,0,0,0,0,0,0,0,0,0,0,0,0,0,0,0.561125,0,0,0,0,0,0,0,0,0,0,0,0,0,0,0,0,0,0,0,0,0,0,0,0,0,0,0,0,0
"E501B",832,0,0,0.0436,0,0,0,0,0,0,0,2.6461,0,0,0,0,0,0,0,0,0,0,0,0,0,0.13325,0,0.6262,0,0,0,0,0,0,2.6549,0,0,0,0,0,0,0,0,0,0,0,0,0,0,0,0,0,0,0,0,0,0
"E501B",833,0,0,0.1945,0,0,0,0,0,0,0,2.4189,0,0,0,0,0,0,0,0,0,0,0,0,0,0,0,0.577525,0,0,0,0,0,0,0,0,0,0,0,0,0,0,0,0,0,0,0,0,0,0,0,0,0,0,0,0,0
"E501B",834,0,0,0.1308,0,0,0,0,0,0,0,4.2147,0,0,0,0,0,0,0,0,0.1148,0,0,0,0,0.2408,0,1.28685,0,0,0,0,0,0,0,0,0,0,0,0,0,0,0,0,0,0,0,0,0,0,0,0,0,0,0,0,0
"E501B",835,0,0,0.398,0,0,0,0,0,0,0,0,0,0,0,0,0,0,0,0,0.0729,0,0,0,0,0,0,1.38285,0,0,0,0,0,0,0,0,0,0,0,0,0,0,0,0,0,0,0,0,0,0,0,0,0,0,0,0,0
"E501B",836,0,0,0.1412,0,0.034075,0.019775,0,0,0,0,3.0514,0,0,0,0,0,0,0,0,0,0,0,0,0,0,0.0117,0.764225,0,0,0,0,0,0,0,0,0,0,0,0,0,0,0,0,0,0,0,0,0,0,0,0,0,0,0,0,0
"E501B",837,0.0067,0,0.8735,0,0,0,0,0,0,0,1.077,0.5736,0,0,0,0,0,0,0,0,0,0,0,0,0,0,0.91315,0,0,0,0,0,0,0,0,0,0,0,0,0,0,0,0,0,0,0,0,0,0,0,0,0,0,0,0,0
"E501B",838,0.0292,0,0.0598,0,0,0,0,0,0,0,2.7284,0,0,0,0,0,0,0,0,0,0,0,0,0,0,0,1.469,0,0,0,0,0,0,0,0,0,0,0,0,0,0,0,0,3.241,0,0,0,0,0,0,0,0,0,0,0,0
"E501B",839,0.0082,0,0.1716,0,0,0,0,0,0,0,3.1493,0,0,0,0,0,0,0,0.2369,0,0,0,0,0,0,0,1.564975,0,0,0,0,0,0,0,0,0,0,0,0,0,0,0,0,0,0,0,0,0,0,0.0503,0,0,0,0,0,0
"E501B",840,0,0,0.1301,0,0,0,0.06715,0,0,0,0,0,0,0,0,0,0,0,0,0,0,0,0,0,0,0,0,0,0,0,0,0,0,0,0,0,0,0,0,0,0,0,0,11.55545,0,0,0,0,0,0,0.233375,0,0,0,0,0
"E100B-W",841,0,0,0.0791,0,1.079175,1.40395,0,0,0,0,0.0112,0,0,0,0,0,0,0.3475,0.1439,0.341,0,0,0,0,0,0,0.2938,0,0,0,0,0,0,0,0,0,0,0,0,0,0,0,0,0,0,0,0,0,0,0,0,0,0,0,0,0
"E100B-W",842,0,0,0,0,0.03275,0.02755,0,0.2906,0,0,0,0,0,0,0,0,0,0,0.1457,0,0,0,0,0,0.4219,0,0,0,0,0,0,0,0,0.648025,0,0,0.153525,0,0,0,0,0,0,0,0,0,0,0,0,0,0,0,0,0,0,0
"E100B-W",843,0,0,0,0,0.9562,0.198275,0,0.1072,0,0,0,0,0,0,0,0,0,0,0.1099,0,0,0,0,0,0,0,0.1158,0,0,0,0,0,0,0,0,0,0.57145,0,0,0,0,0,0,0,0,0,0,0,0,0,0,0,0,0,0,0
"E100B-W",844,0,0.036,0,0,0.5656,0.555,0,0.03635,0,0,0,0,0,0,0,0,0,0,0.0567,0,0,0,0,0,0,0,0.1291,0,0,0,0,0,0,0,0,0,0.411225,0,0,0,0,0,0,0,0,0,0,0,0,0,0,0,0,0,0,0
"E100B-W",845,0.1962,0,0,0,1.55785,1.2849,0,0,0,0,0,0,0,0,0,0,0,0,0,0,0,0,0,0,0.1787,0,0.8239,0,0,0,0,0,0,0,0,0,0.192425,0,0,0,0,0,0,0,0,0,0,0,0,0,0,0,0,0,0,0
"E100B-W",846,0,0,0.0556,0,0.413725,0.434375,0,0,0,0,0,0,0,0,0,0,0,0,0.1249,0,0,0,0,0,0,0,0.3928,0,0,0,0,0,0,0,0,0,0,0,0,0,0,0,0,0,0,0,0,0,0,0,0,0,0,0,0,0
"E100B-W",847,0,0,0.0193,0,0,0,0,0.052125,0,0,1.0177,0,0,0,0,0.0297013783903957,0,0,0.0492,0.0244,0,0,0,0,0.0967,0,0.3586,0,0,0,0,0,0,0,0,0,0.087425,0,0,0,0,0,0,0,0,0,0,0,0,0,0,0,0,0,0,0
"E100B-W",848,0,0,0,0,1.670725,1.35755,0,0,0,0,0,0,0,0,0,0,0,0,0,0,0,0,0,0,0,0,0.7544,0,0,0,0,0,0,0,0,0,0.798625,0,0,0,0,0,0,0,0,0,0,0,0,0,0,0,0,0,0,0
"E100B-W",849,0.8624,0,0,0,0,0,0,0,0,0,0,0,0,0,0,0.0851678079146287,0,0,0,0,0,0,0,0,0,0,0,0,0,0,0,0,0,0,0,0,0,0,0,0,0,0,0,0,0,0,0,0,0,0,0,0,0,0,0,0
"E100B-W",850,0,0,0,0,0.27955,0.373975,0,0.032975,0,0,0.1739,0,0,0,0,0.0647704757670076,0,0,0,0,0,0,0,0,0,0,0.6704,0,0,0,0,0,0,0,0,0,0,0,0,0,0,0,0,0,0,0,0,0,0,0,0,0,0,0,0,0
"E100B-W",851,0,0,0,0,0.470625,0.310825,0,0,0,0,0,0,0,0,0,0.0948297020898177,0,0,0,0.198,0,0,0,0,0,0,1.512,0,0,0,0,0,0,0,0,0,0,0,0,0,0,0,0,0,0,0,0,0,0,0,0,0,0,0,0,0
"E100B-W",852,0,0.0948,0,0,0.5624,0.3101,0,0.10105,0,0,0,0,0,0,0,0,0,0,0.0166,0,0,0,0,0,0,0,0.6605,0,0,0,0,0,0,0,0,0,0,0,0,0,0,0,0,0,0,0,0,0,0,0,0,0,0,0,0,0
"E100B-W",853,0.0425,0,0,0,1.21685,0.878075,0,0,0,0,0,0,0,0,0,0.384686527345487,0,0,0.0189,0,0,0,0,0,0,0,0,0,0,0,0,0,0,0,0,0,0,0,0,0,0,0,0,0,0,0,0,0,0,0,0,0,0,0,0,0
"E100B-W",854,0.0076,0,0.0162,0,0,0,0,0.178325,0,0,0,0,0,0,0,0,0,0,0,0,0,0,0,0,1.0528,0,0.3815,0,0,0,0,0,0,0.38055,0,0,0,0,0,0,0,0,0,0,0,0,0,0,0,0,0,0,0,0,0,0
"E100B-W",855,0,0.0498,0.1358,0,0,0,0,0.00335,0,0,0.1277,0,0,0,0,0.145644108492663,0,0,0.0196,0,0,0,0,0,0.1982,0,0.3906,0,0,0,0,0,0,0,0,0,0,0,0,0,0,0,0,0,0,0,0,0,0,0,0,0,0,0,0,0
"E100B-W",856,0.0613,0.0891,0,0,0,0,0,0.079475,0,0,0.0785,0.1927,0,0,0,0,0,0,0,0,0,0,0,0,0.0396,0,0.5747,0,0,0,0,0,0,1.07475,0,0,0,0,0,0,0,0,0,0,0,0,0,0,0.067025,0,0,0,0,0,0,0
"E100B-W",857,0.0539,0.0219,0.2444,0,0.094725,0.153525,0,0,0,0,0,0,0.3143,0,0,0,0,0,0,0,0,0,0,0,0.1853,0,0.3193,0,0,0,0,0,0,0,0,0,0,0,0,0,0,0,0,0,0,0,0,0,0,0,0,0,0,0,0,0
"E100B-W",858,0,0,0,0,0.98465,0.8699,0,0.3566,0,0,0,0,0,0,0,0,0,0,0.1184,0,0,0,0,0,0,0,1.693,0,0,0,0,0,0,0,0,0,0,0,0,0,0,0,0,0,0,0,0,0,0,0,0,0,0,0,0,0
"E100B-W",859,0,0,0,0,0,0,0.0024,0,0,0,0.1406,0,0,0,0,0,0,0,0.2783,0,0,0,0,0,0.0609,0,0.3769,0,0,0,0,0,0,0,0,0,0,0,0,0,0,0,0,0,0,0,0,0,0,0,0,0,0,0,0,0
"E100B-W",860,0,0,0,0,0.579425,0.62585,0,0.130075,0,0,0,0,0,0,0,0,0,0,0.3685,0,0,0,0,0,0,0,0.6519,0,0,0,0,0,0,0,0,0,0.655775,0,0,0,0,0,0,0,0,0,0,0,0,0,0,0,0,0,0,0
"E508A",901,0,0,0.1618,0,0,0,0,0,0,0,0.1399,0,0,0,0,0,0.0739,0,1.0778,0.3214,0,0,0.198,0,0,0,0.6437,0,0,0,0,0,0,0,0,0,0,0,0,0,0,0,0,0,0,0,0,0,0,0,0,0,0,0,0,0
"E508A",902,0.0692,0,0.0552,0,0,0,0,0,0,0,0.3086,0,0,0,0,0.0823137124854916,0.0084,0,0.0284,0,0,0,0,0,0.1787,0,0.1497,0,0,0,0,0,0,0,0,0,0,0,0,0,0,0,0,0,0,0,0,0,0,0,0,0,0,0,0,0
"E508A",903,0,0,0,0,1.85225,1.99045,0,0,0,0,0.6014,0,0,0,0,0.157525849776157,0.0106,0,0.1572,0,0,0,0,0,0.1255,0,0,0,0,0,0,0,0,0,0,0,0,0,0,0,0,0,0,0,0,0,0,0,0,0,0,0,0,0,0,0
"E508A",904,0.0407,0,0.1049,0,0,0,0,0,0,0,1.0943,0,0,0,0,0,0.1504,0,0,0,0,0,0,0,1.0253,0,0,0,0,0,0,0,0,0,0,0,0,0,0,0,0,0,0,0,0,0,0,0,0,0,0,0,0,0,0,0
"E508A",905,0.0994,0,0,0,0.8055,1.13615,0,0,0,0,0.2875,0,0,0,0,0,0,0,0,0,0,0,0,0,0.4205,0,3.6935,0,0,0,0,0,0,0,0,0,0,0,0,0,0,0,0,0,0,0,0,0,0,0,0,0,0,0,0,0
"E508A",906,0.0542,0,0.2752,0,0,0,0,0,0,0,0.4926,0,0,0,0,0,0.0657,0,0,0,0,0,0,0,0.4787,0,0.6727,0,0,0,0,0,0,0,0,0,0,0,0,0,0,0,0,0,0,0,0,0,0,0,0,0,0,0,0,0
"E508A",907,0.1968,0,0.0385,0,0,0,0,0,0,0,0.1033,0,0,0,0,0,0.146,0,0.0048,0,0,0,0,0,0,0,0.4891,0,0,0,0,0,0,0,0,0,0,0,0,0,0,0,0,0,0,0,0,0,0,0,0,0,0,0,0,0
"E508A",908,0.0743,0,0.2027,0,0,0,0,0,0,0,0.8862,0,0,0,0,0,0.089,0,0,0,0,0,0,0,0.4419,0,1.4149,0,0,0,0,0,0,0,0,0,0,0,0,0,0,0,0,0,0,0,0,0,0,0,0,0,0,0,0,0
"E508A",910,0,0,0,0,1.129175,0.204875,0,0,0,0,1.6556,0,0,0,0,0,0,0,1.7302,0.3209,0,0,0,0,0.0386,0,0.5071,0,0,0,0,0,0,0,0,0,0,0,0,0.015625,0,0,0,0,0,0,0,0,0,0,0,0,0,0,0,0
"E508A",911,0,0,0.165,0,0,0,0,0,0,0,0.8519,0,0,0,0,0,0,0,0.6024,0,0,0,0,0,0,0,1.0189,0,0,0,0,0,0,0,0,0,0,0,0,0,0,0,0,0,0,0,0,0,0,0,0,0,0,0,0,0
"E508A",912,0.0817,0,0.5801,0,0,0,0,0,0,0,2.9604,0,0,0,0,0.336195025700547,0,0,0,0.2805,0,0,0,0,0,0,0.3424,0,0,0,0,0,0,0,0,0,0,0,0,0.0055,0,0,0,0,0,0,0,0,0,0,0,0,0,0,0,0
"E508A",915,0,0,0,0,0,0,0,0,0,0,0,0,0,0,0,0,0,0,0.0168,0.0268,0,0,0,0,0.2921,0,0.6743,0,0,0,0,0,0,0,0,0,0,0,0,0,0,0,0,0,0,0,0,0,0,0,0,0,0,0,0,0
"E508A",916,0.056,0,0,0,0,0,0,0,0,0,0.0873,0,0,0,0,0,0.0043,0,0,0,0,0,0,0,1.0017,0,0.9749,0,0,0,0,0,0,0,0,0,0,0,0,0.006725,0,0,0,0,0.733125,0,0,0,0,0,0,0,0,0,0,0
"E508A",917,0.0247,0,0.0773,0,0.678525,0.479375,0,0,0,0,0.3604,0,0,0,0,0,0.0935,0,0,0,0,0,0,0,0.8653,0,0.2735,0,0,0,0,0,0,0,0,0,0,0,0.003225,0,0,0,0,0,0,0,0,0,0,0,0,0,0,0,0,0
"E508A",918,0.141,0,0.1857,0,0,0,0,0,0,0,0.5348,0,0,0.20207209418007,0,0,0.1136,0,0.0817,0,0,0,0,0,0.0148,0,2.7273,0,0,0,0,0,0,0,0,0,0,0,0,0,0,0,0,0,0,0,0,0,0,0,0,0,0,0,0,0
"E508A",919,0.035,0,0.1358,0,0,0,0,0,0,0,1.9708,0,0,0,0,0,0.0092,0,0,0,0,0,0,0,0.8013,0,0.9635,0,0,0,0,0,0,0,0,0,0,0,0,0,0,0,0,0,0,0,0,0,0,0,0,0,0,0,0,0
"E508A",920,0.0259,0,0,0,1.558125,1.835425,0,0,0,0,0.0336,0,0,0,0,0.195293317857735,0.0346,0,0.0034,0,0,0,0,0,1.4562,0,0.0775,0,0,0,0,0,0,2.1933,0,0,0,0,0,0,0,0,0,0,0,0,0,0,0,0,0,0,0,0,0,0
"S411",921,0,0.1009,0,0,1.950825,0.380625,0,0,0,0,0.2267,0,0,0,0,0,0,0,0,0.6471,0,0,0,0,0.005,0,0,0,0,0,0,0,0,0,0,0,0,0,0,0,0,0,0,0,0,0,0,0,0,0,0,0,0,0,0,0
"S411",922,0.0247,0,0.0584,0,0,0,0,0.05045,0,0,0,0.0293,0,0,0,0.0303013543418607,0,0.0036,0.0489,0.1052,0,0,0,0,0.1641,0,0.2347,0,0,0,0,0,0,0,0,0,0,0,0,0,0,0,0,0,0,0,0,0,0,0,0,0,0,0,0,0
"S411",923,0.0332,0,0.0447,0,0,0,0,0.0213,0,0,0.4612,2.1209,0,0,0,0.0554303000796672,0,0,0.1656,0.6489,0,0,0,0,1.4875,0,0.3045,0,0,0,0,0,0,0,0,0,0,0,0,0,0,0,0,0,0,0,0,0,0,0,0,0,0,0,0,0
"S411",924,0,0,0,0,3.571225,0.527375,0,0.618225,0,0,0,0,0,0,0,0,0,0,0,0,0,0,0,0,0,0,0,0,0,0,0,0,0,3.200175,0,0,0,0,0,0,0,0,0,0,0,0,0,0,0,0,0,0,0,0,0,0
"S411",925,0.3105,0.0418,0.0136,0,0,0,0,0.04045,0,0.5568,0.4692,0.0959,0,0,0,0,0,0,0.0378,0.0446,0,0,0,0,0.7854,0,0,0,0,0,0,0,0,0,0,0,0,0,0,0,0,0,0,0,0,0,0,0,0.242925,0,0,0,0,0,0,0
"S411",926,0.0761,0.0664,0.1813,0,0,0,0,0.11565,0,0,1.3318,0.4233,0,0,0,0,0,0,0,0.0526,0,0,0,0,0.0879,0,0.98555,0,0,0,0,0,0,0,0,0,0,0,0,0,0,0,0,0,0,0,0,0,0,0,0,0,0,0,0,0
"S411",927,0.055,0,0.0738,0,0,0,0,2.648825,0,0,0.6014,0.0779,0,0,0,0.0270431441975746,0,0,0.0145,0,0,0.2697,0,0,0,0,0,0,0,0,0,0,0,2.986175,0,0,0,0,0,0,0,0,0,0,0,0,0,0,0.31205,0,0,0,0,0,0,0
"S411",928,0.1568,0,0,0,0.028225,0.0071,0,1.116625,0,0,0,0.0547,0,0,0,0.0103040895813048,0,0,0,0.1694,0,0.1776,0,0,0.0611,0,0,0,0,0,0,0,0,4.235725,0,0,0,0,0,0,0,0,0,0,0,0,0,0,0.0428,0,0,0,0,0,0,0
"S411",929,0.0479,0.1396,0.0152,0,0,0,0,0.12595,0,0,1.4435,0.479,0,0,0,0,0,0,0,0.4892,0,0.1725,0,0,0.7636,0,1.385225,0,0,0,0,0,0,0,0,0,0,0,0,0,0,0,0,0,0,0,0,0,0,0,0,0,0,0,0,0
"S411",930,0.1259,0,0.0805,0,0,0,0,0.009325,0,0,1.4035,2.1924,0,0,0,0,0,0,0,0,0,0,0,0,0.3724,0,0,0,0,0,0,0,0,0,0,0,0,0,0,0,0,0,0,0,0,0,0,0,0,0,0,0,0,0,0,0
"S411",931,0,0.1174,0.017,0,0,0,0,0.053325,0,0,0.2019,0,0,0,0,0.00264729574223245,0,0,0,0.2171,0,0,0,0,2.7535,0,0,0,0,0,0,0,0,0,0,0,0,0,0,0,0,0,0,0,0,0,0,0,0.200275,0,0,0,0,0,0,0
"S411",932,0.0522,0,0,0,0,0,0,0.0348,0,0,0,0.5489,0,0,0,0,0,0,0.1141,0,0.0062,0,0,0,0.0237,0,1.385175,0,0,0,0,0,0,0,0,0,0,0,0,0,0,0,0,0,0,0,0,0,0,0,0,0,0,0,0,0
"S411",933,0.0853,0,0,0,0,0,0,0.0982,0,0,0.1926,0,0,0,0,0.000651642028857219,0,0,0,0,0,0.32,0,0,2.1127,0,0,0,0,0,0,0,0,0,0,0,0,0,0,0,0,0,0,0,0,0,0,0,0.18315,0,0,0,0,0,0,0
"S411",934,0,0,0,0,0,0,0,0.009475,0,0,1.0354,0.7043,0,0,0,0,0,0,0,0.0914,0,0,0,0,1.509,0,0.101675,0,0,0,0,0,0,0,0,0,0,0,0,0,0,0,0,0,0,0,0,0,0,0,0,0,0,0,0,0
"S411",935,0,0,0,0,2.08385,0.518025,0,0,0,0,0.4986,0.0946,0,0,0,0,0,0,0,0,0,0,0,0,2.1049,0,0,0,0,0,0,0,0,0,0,0,0,0,0,0,0,0,0,0,0,0,0,0,0,0,0,0,0,0,0,0
"S411",936,0.1324,0.0107,0,0,1.291875,0.232075,0,0.03745,0,0.0773,0.9413,0,0,0,0,0.0059869611401257,0,0,0.007,0.3019,0,0,0,0,2.6156,0,0,0,0,0,0,0,0,0,0,0,0,0,0,0,0,0,0,0,0,0,0,0,0.19255,0,0,0,0,0,0,0
"S411",937,0,0.0198,0,0,0,0,0,0.004675,0,0,0.6102,0.4759,0,0,0,0.011240824997787,0,0,0,0.0342,0,0,0,0,0.9281,0,0.029875,0,0,0,0,0,0,0,0,0,0,0,0,0,0,0,0,0,0,0,0,0,0,0,0,0,0,0,0,0
"S411",938,0.1835,0,0.1112,0,0,0,0,0,0,0,0.2051,1.5769,0,0,0.27002416570771,0.0178794281667699,0,0,0.0082,0,0,0,0,0,1.262,0,0.4979,0,0,0,0,0,0,0,0,0,0,0,0,0,0,0,0,0,0,0,0,0,0,0,0,0,0,0,0,0
"S411",939,0.0428,0,0.0252,0,0,0,0,0.085225,0,0,0.6885,0.0175,0,0,0,0.00997826856687616,0,0,0.0056,0.1925,0,0,0,0,5.5181,0,0,0,0,0,0,0,0,0,0,0,0,0,0,0.0125,0,0,0,0,0,0,0,0,0,0,0,0,0,0,0,0
"S411",940,0.1331,0,0.2959,0,0.588975,0.0534,0,0,0,0,0.6289,0.0101,0,0,0,0.0186125254492343,0,0,0,0.2479,0,0,0,0,0.1741,0,0,0,0,0,0,0,0,0,0,0,0,0,0,0,0,0,0,0,0,0,0,0,0,0,0,0,0,0,0,0
"A71",941,0.3139,0,0,0,0.7318,0.171725,0,0,0,0,0,0,0,0,0,0.174600293255132,0,0,0,0,0,0,0,0,0,0,0,0,0,0,0,0,0,0,0,0,0,0,0,0,0,0,0,0,0,0,0,0,0,0,0,0,0,0,0,0
"A71",942,0.1396,0,0,0,0,0,0,0,0,0,0.1644,0,0,0,0,0.103994617905813,0,0,0,0.1766,0,0,0,0,0.2735,0,0,0,0,0,0,0,0,0,0,0,0,0,0,0,0,0,0,0,0,0,0,0,0,0,0,0,0,0,0,0
"A71",943,0.2458,0,0,0,0.658925,0.283825,0,0,0,0,0.1294,0,0,0,0,0.0332752458168018,0,0,0,0,0,0,0,0,0.1569,0,0,0,0,0,0,0,0,0.440075,0,0,0,0,0,0,0,0,0,0,0,0,0,0,0,0,0,0,0,0,0,0
"A71",944,0.0501,0,0,0,0.359325,0,0,0,0,0,2.6102,0,0,0,0,0.168157478005865,0,0,0,0,0,0,0,0,0.1775,0,0,0,0,0,0,0,0,0,0,0,0,0,0,0,0,0,0,0,0,0,0,0,0,0,0,0,0,0,0,0
"A71",945,0.3403,0,0,0,0.91385,0.395375,0,0,0,0,0.1511,0,0,0,0,0.150155494221149,0,0,0,0.0165,0,0,0,0,0.1549,0,0,0,0,0,0,0,0,0,0,0,0,0,0,0,0,0,0,0,0,0,0,0,0,0,0,0,0,0,0,0
"A71",946,0,0,0,0,0,0,0,0,0,0,0,0,0,0,0,0,0,0,0,0,0,0,0,0,0,0,0,0,0,0,0,0,0,1.7002,0,0,0,0,0,0,0,0,0,0,0,0,0,0,0,0,0,0,0,0,0,0
"A71",947,0.3254,0,0,0,0,0,0,0,0,0,0.3768,0,0,0,0,0.0194800414007245,0,0,0,0,0,0,0,0,0.0372,0,0,0,0,0,0,0,0,0,0,0,0,0,0,0,0,0,0,0,0,0,0,0,0,0,0,0,0,0,0,0
"A71",948,0.2995,0,0,0,0.9369,0.2871,0,0,0,0,0.4092,0.079,0,0,0,0.0132646196308435,0,0,0,0,0,0,0,0,0.2125,0,0,0,0,0,0,0,0,0,0,0,0,0,0,0,0,0,0,0,0,0,0,0,0,0,0,0,0,0,0,0
"A71",949,0.1915,0,0,0,0,0,0,0,0,0,0.9521,0.3191,0,0,0,0.0635185785751251,0,0,0,0.0343,0,0,0,0,0,0,0,0,0,0,0,0,0,0.617475,0,0,0,0,0,0,0,0,0,0,0,0,0,0,0,0,0,0,0,0,0,0
"A71",950,0,0,0,0,0,0,0,0,0,0,1.5904,0,0,0,0,0.0931555287217526,0,0,0,0.0317,0,0,0,0,0.0839,0,0,0,0,0,0,0,0,0,0,0,0,0,0,0,0,0,0,0,0,0,0,0,0,0,0,0,0,0,0,0
"A71",951,1.0039,0,0,0,0,0,0,0,0,0,0.2188,0,0,0,0,0.0870917026047956,0,0,0,0,0,0,0,0,0,0,0,0,0,0,0,0,0,0,0,0,0,0,0,0,0,0,0,0,0,0,0,0,0,0,0,0,0,0,0,0
"A71",952,0.2998,0.0387,0,0,0,0,0,0,0,0,0.3977,0,0,0,0,0.00325930653786441,0,0,0,0,0.0238,0,0,0,0.7417,0,0,0,0,0,0,0,0,0,0,0,0,0,0,0,0,0,0,0,0,0,0,0,0,0,0,0,0,0,0,0
"A71",953,0.0897,0,0,0,0.538375,0.2263,0,0,0,0,0.3421,0,0,0,0,0,0,0,0,0,0,0,0,0,2.2512,0,0,0,0,0,0,0,0,0,0,0,0,0,0,0,0,0,0,0,0,0,0,0,0,0,0,0,0,0,0,0
"A71",954,0.25,0,0,0,0.266825,0.251425,0,0,0,0,0.2875,0,0,0,0,0.0230804381576678,0,0,0,0,0,0.0456,0,0,0.8426,0,0,0,0,0,0,0,0,0,0,0,0,0,0,0,0,0,0,0,0,0,0,0,0.263175,0,0,0,0,0,0,0
"A71",955,0.0539,0,0,0,1.450325,0.702225,0,0,0,0,0.0623,0,0,0,0,0.0124308435397619,0,0,0,0.3559,0,0,0,0,0.2766,0,0,0,0,0,0,0,0,0,0,0,0,0,0,0,0,0,0,0,0,0,0,0,0,0,0,0,0,0,0,0
"A71",956,0.075,0,0,0,0,0,0,0,0,0,0.335,0,0,0,0,0,0,0,0,0.0238,0,0,0,0,0.2039,0,0,0,0,0,0,0,0,0,0,0,0,0,0,0,0,0,0,0,0,0,0,0,0,0,0,0,0,0,0,0
"A71",957,0.2389,0,0,0,0,0,0,0,0,0,1.0374,0.0152,0,0,0,0.0689381231671554,0,0,0,0.1083,0,0,0,0,0.1171,0,0,0,0,0,0,0,0,0,0,0,0,0,0,0,0,0,0,0,0,0,0,0,0,0,0,0,0,0,0,0
"A71",958,0.2936,0.0221,0,0,0,0,0,0,0,0,0.2167,0,0,0,0,0,0,0,0,0,0,0,0,0,0,0,0,0,0,0,0,0,0,0,0,0,0,0,0,0,0,0,0,0,0,0,0,0,0,0,0,0,0,0,0,0
"A71",959,0.0887,0,0,0,0,0,0,0,0,0,0.3278,0,0,0,0,0.0750777471105744,0,0,0,0,0,0,0,0,0,0,2.3948,0,0,0,0,0,0,0,0,0,0,0,0,0,0,0,0,0,0,0,0,0,0,0,0,0,0,0,0,0
"A71",960,0.522,0,0,0,0,0,0,0,0,0,0.767,0,0,0,0,0.00901994134897361,0,0,0,0,0,0,0,0,0,0,0.1755,0,0,0,0,0,0,0,0,0,0,0,0,0,0,0,0,0,0,0,0,0,0,0,0,0,0,0,0,0
"A32",981,0.7279,0,0,0,0,0,0,0,0,0,0.3788,0.0223,0,0,0,0,0,0,0,0.0559,0,0,0,0,4.7016,0,0,0,0,0,0,0,0,0,0,0,0,0,0,0,0,0,0,0,0,0,0,0,0,0,0,0,0,0,0,0
"A32",982,0.2168,0.2298,0,0,0.078325,0,0,0,0,0,0.2929,0.0241,0,0,0,0.000809892200380468,0,0,0,0.1184,0,0,0,0,2.6119,0,0,0,0,0,0,0,0,0,0,0,0,0,0,0,0,0,0,0,0,0,0,0,0,0,0,0,0,0,0,0
"A32",983,0.0609,0,0,0,1.07335,0.007975,0,0,0,0,0.1966,0.1822,0,0,0,0,0,0,0,0.1088,0,0,0,0,2.7534,0,0,0,0,0,0,0,0,0,0,0,0,0,0,0,0,0,0,0,0,0,0,0,0,0,0,0,0,0,0,0
"A32",984,0.0456,0,0,0,0,0,0,0,0,0,0.0236,1.5786,0,0,0,0.00283462270133164,0,0,0,0.6248,0,0,0,0,0.3335,0,0,0,0,0,0,0,0,0,0,0,0,0,0,0,0,0,0,0,0,0,0,0,0,0,0,0,0,0,0,0
"A32",985,0.0625,0,0,0,0.078575,0.1489,0,0,0,0,0.2585,0.0912,0,0,0,0,0,0,0,0.1679,0,0.2765,0,0,1.3252,0,0,0,0,0,0,0,0,0,0,0,0,0,0,0,0,0,0,0,0,0,0,0,0,0,0,0,0,0,0,0
"A32",986,0.165,0.084,0,0,0.3441,0,0,0,0,0,0.2308,0,0,0,0,0,0,0,0,0.4405,0,0,0,0,0.7361,0,0,0,0,0,0,0,0,0,0,0,0,0,0,0,0,0,0,0,0,0,0,0,0,0,0,0,0,0,0,0
"A32",987,0.3155,0,0,0,0,0,0,0,0,0,0.5734,0.5763,0,0,0,0.00193329105897273,0,0,0,0.137,0,0,0,0,0.2104,0,0,0,0,0,0,0,0,0,0,0,0,0,0,0,0,0,0,0,0,0,0,0,0,0,0,0,0,0,0,0
"A32",988,0.3694,0,0,0,0,0,0,0,0,0,0.1866,0,0,0,0,0.00368370323398859,0,0,0,0.2794,0,0,0,0,0,0,0,0,0,0,0,0,0,0,0,0,0,0,0,0,0,0,0,0,0,0,0,0,0,0,0,0,0,0,0,0
"A32",989,0.1978,0.0809,0,0,1.309875,0.341825,0,0,0,0,0.2338,0.0864,0,0,0,0.00216842105263158,0,0,0,0.3851,0,0,0,0,0.1966,0,0,0,0,0,0,0,0,0,0,0,0,0,0,0,0,0,0,0,0,0,0,0,0,0,0,0,0,0,0,0
"A32",990,0.4701,0,0,0,0.358925,0.08655,0,0,0,0,0.1736,0,0,0,0,0.00495079264426126,0,0,0,0.1376,0,0,0,0,0.2427,0,0,0,0,0,0,0,0,0,0,0,0,0,0,0,0,0,0,0,0,0,0,0,0,0,0,0,0,0,0,0
"A32",991,0.7984,0,0,0,1.358975,0.315775,0,0,0,0,0.6512,0,0.14185,0,0,0.0036706404565631,0,0,0,0.1128,0,0,0,0,0.1545,0,0,0,0,0,0,0,0,0,0,0,0,0,0,0,0,0,0,0,0,0,0,0,0,0,0,0,0,0,0,0
"A32",992,0.444,0,0,0,0,0,0,0,0,0,0.4885,0.2543,0,0,0,0.000352694990488269,0,0,0,0,0,0,0,0,0.4306,0,0,0,0,0,0,0,0,0,0,0,0,0,0,0,0,0,0,0,0,0,0,0,0,0,0,0,0,0,0,0
"A32",993,0.3774,0,0,0,0.44385,0.0928,0,0,0,0,0.314,0.0398,0,0,0,0.000836017755231452,0,0,0,0.522,0,0,0,0,0.5084,0,0.021225,0,0,0,0,0,0,0,0,0,0,0,0,0,0,0,0,0,0,0,0,0,0,0,0,0,0,0,0,0
"A32",994,0.1735,0.051,0,0,0.6798,0.060325,0,0,0,0,0.1474,0,0,0,0,0.0096142041851617,0,0,0,0.905,0,0.3092,0,0,0.07,0,0,0,0,0,0,0,0,0,0,0,0,0,0,0,0,0,0,0,0,0,0,0,0,0,0,0,0,0,0,0
"A32",995,0.1465,0,0,0,0,0,0,0,0,0,0.5021,0,0,0,0,0,0,0,0,0,0,0,0,0,0.101,0,0,0,0,0,0,0,0,0,0,0,0,0,0,0.04455,0,0,0,0,0,0,0,0,1.208,0,0,0,0,0,0,0
"A32",996,0.1193,0,0,0,0,0,0,0,0,0,0.2347,0,0,0,0,0,0,0,0.0256,0.0631,0,0,0,0,1.0741,0,0,0,0,0,0,0,0,0,0,0,0,0,0,0,0,0,0,0,0,0,0,0,0,0,0,0,0,0,0,0
"A32",997,0.041,0,0,0,0,0,0,0,0,0,0.3325,0,0,0,0,0,0,0,0,0,0,0,0,0,2.6935,0,0,0,0,0,0,0,0,0,0,0,0,0,0,0,0,0,0,0,0,0,0,0,0,0,0,0,0,0,0,0
"A32",998,0.2073,0,0,0,0.244175,0.089475,0,0,0,0,0.2899,0,0,0,0,0,0,0,0,0.066,0,0,0,0,0.7693,0,0,0,0,0,0,0,0,0,0,0,0,0,0,0,0,0,0,0,0,0,0,0,0,0,0,0,0,0,0,0
"A32",999,0.0599,0,0,0,0.585425,0.226025,0,0,0,0,0.075,0,0,0,0,0,0,0,0,0.0421,0,0,0,0,0.5595,0,0,0,0,0,0,0,0,0,0,0,0,0,0,0,0,0,0,0,0,0,0,0,0,0,0,0,0,0,0,0
"A32",1000,0.4199,0,0,0,0,0,0,0,0,0,1.2771,0,0,0,0,0.0103457197209892,0,0,0,0.0147,0,0,0,0,0,0,0,0,0,0,0,0,0,0,0,0,0,0,0,0,0,0,0,0,0,0,0,0,0,0,0,0,0,0,0,0
"E103B_S3",1021,0,0,0,0,0,0,0,0.0085,0,0,0.7874,0,0,0,0,0,0,0,0,0,0,0,0,0,0,0,0.5894,0,0,0,0,0,0,0,0,0,0,0,0,0,0,0,0,0,0,0,0,0,0,0,0,0,0,0,0,0
"E103B_S3",1022,0,0.2829,0,0,0,0,0,1.002775,0,0,0.2408,0,0,0.104277348920017,0,0.00580583492895294,0,0,0,0,0,0,0,0,0,0,2.0577,0,0,0,0,0,0,0,0,0,0,0,0,1.410025,0,0,0,0,0,0,0,0,0,0,0,0,0,0,0,0
"E103B_S3",1023,0,0.0055,0,0,0.018075,0,0.000675000000000001,7.53635,0,0,0.1789,0.1809,0,0,0,0,0,0,0,0,0,0.0047,0,0,0,0.0025,0.8035,0,0,0,0,0,0,0,0,0,0,0,0,2.26105,0,0,0,0,0,0,0,0,0,0,0,0,0,0,0,0
"E103B_S3",1024,0,0.0739,0,0,0,0,0,5.565575,0,0,0,0,0,0,0,0,0,0,0,0,0,0,0,0,0,0,0.7774,0,0,0,0,0,0,0,0,0,0,0,0,6.526675,0,0,0,0,0,0,0,0,0,0,0.002925,0,0,0,0,0
"E103B_S3",1025,0,0.3779,0,0,0.58125,0.2403,0.000575000000000001,0.03855,0,0,0.0428,0,0,0,0.223923084416675,0,0,0,0,0,0,0,0,0,0,0.0278,1.5564,0,0,0,0,0,0,0,0,0,0,0,0,0.002475,0,0,0,0,0,0,0,0,0,0,0.19375,0,0,0,0,0
"E103B_S3",1026,0,0.0401,0,0,2.7321,0.55475,0,0.6893,0,0,0,0,0,0,0,0.165181695723739,0,0,0,0,0,0,0,0,0,0,0.6426,0,0,0,0,0,0,0,0,0,0,0,0,2.5137,0,0,0,0,0,0,0,0,0,0,0,0,0,0,0,0
"E103B_S3",1027,0,0.1574,0,0,0.923875,0.170125,0,0.43685,0,0,0,0,0,0,0,0.0256708975780174,0,0,0,0,0,0,0,0,0.0037,0,0.8827,0,0.0048,0,0,0,0,0,0,0,0,0,0,0.3526,0,0,0,0,0,0,0,0,0,0,0,0,0,0,0,0
"E103B_S3",1028,0,0.063,0.0087,0,0,0,0,3.856275,0,0,0,0,0,0,0,0,0,0,0,0,0,0,0,0,0,0,0,0,0.0065,0,0,0,0,1.72495,0,0,0,0,0,0,0,3.6564,0,0,0,0,0,0,0,0,0,0,0,0,0,0
"E103B_S3",1029,0,0,0.0925,0,0,0,0,0.0079,0,0,0,0,0,0,0,0.210774575901105,0,0,0,0,0,0,0,0,0.8706,0,0.4395,0,0,0,0,0,0,0,0,0,0,0,0,0.028875,0,0,0,0,0,0,0,0,0,0,0,0,0,0,0,0
"E103B_S3",1030,0,0,0.006,0,1.607325,0.56335,0,0.14875,0,0,0.3116,0,0,0.847879579428264,0,0.587812326581343,0,0,0,0,0,0,0,0,0,0,0.5103,0,0,0,0,0,0,0,0,0,0,0,0,0.0101,0,0,0,0.030225,0,0,0,0,0,0,0.178475,0,0,0,0,0
"E103B_S3",1031,0,0,0,0,0,0,0,0.01665,0,0,0,0,0,0,0,0.17480116732171,0,0,0,0,0,0,0,0,0,0,0.7006,0,0,0,0,0,0,0,0,0,0,0,0,0.014175,0,0,0,0,0,0,0,0,0,0,0,0,0,0,0,0
"E103B_S3",1032,0,0.1683,0.0512,0,0,0,0,1.2934,0,0,0,0,0,0,0,0.230981158251873,0,0,0,0,0,0,0,0,0.5048,0,0.4308,0,0,0,0,0,0,0,0,0,0,0,0,1.45815,0,0,0,0,0,0,0,0,0,0,0,0,0,0,0,0
"E103B_S3",1033,0,0.6127,0.0316,0,0,0,0,2.64255,0,0,0.3619,0.1296,0,0,0,0.00768419328832006,0,0,0,0,0,0,0,0,0,0,0.4576,0,0,0,0,0,0,0,0,0,0,0,0,3.0876,0,0,0,0,0,0,0,0,0,0,0,0,0,0,0,0
"E103B_S3",1034,0.0423,0.8298,0.062,0,0.58225,0.487875,0,0.07525,0,0,0.0113,0.2382,0,0,0,0.175939566327388,0,0,0,0,0,0,0,0,0.0123,0,0.1252,0,0,0,0.0172,0,0,0,0,0,0,0,0,0.2391,0,0,0,0,0,0,0,0,0,0,0,0,0,0,0,0
"E103B_S3",1035,0,0,0.5007,0,0,0,0,0.536725,0,0,0.9239,0.3159,0,0,0.0276061758876684,0.0533909133662535,0,0,0,0,0,0,0,0,0,0,0.2822,0,0.0316,0,0,0,0,0,0,0,0,0,0,0.360925,0,0.089625,0,0,0,0,0,0,0,0,0,0,0,0,0,0
"E103B_S3",1036,0.0081,0,0.4035,0,0,0,0.004825,0.011625,0,0,0.231,0.6335,0,0,0,0,0,0,0,0.0353,0,0,0,0,0,0,0.3394,0,0,0,0,0,0,0,0,0,0,0,0,0,0,0,0,0,0,0,0,0,0,0,0,0,0,0,0,0
"E103B_S3",1037,0.1411,0,0.2948,0,0,0,0,0.008375,0,0,0,1.0164,0,0,0,0.226199882428029,0,0,0,0,0,0,0,0,0,0,0.1681,0,0,0,0,0,0,0,0,0,0,0,0,0,0,0,0,0,0,0,0,0,0,0,0,0,0,0,0,0
"E103B_S3",1038,0,0,0.2875,0,0.655725,0.279325,0,0.15595,0,0,0.2622,0.3093,0,0,0,0.0730282962141825,0,0,0,0,0,0,0,0,0,0,0.6696,0,0,0,0.0075,0,0,0,0,0,0,0,0,0,0,0,0,0,0,0,0,0,0.56995,0,0,0,0,0,0,0
"E103B_S3",1039,0.1411,0.0264,0.1574,0,0,0,0,0.014925,0,0,0,0.3779,0,0,0,0.0496341966475192,0,0,0,0,0,0,0,0,0,0,0.5417,0,0,0,0,0,0,0,0,0,0,0,0,0,0,0,0,0,0,0,0,0,0,0,0,0,0,0,0,0
"E103B_S3",1040,0.3045,0.1687,0,0,0,0,0,0.39205,0,0,0,0.1212,0,0,0,0.198309106788942,0,0,0,0,0,0,0,0,0,0,0.3967,0,0,0,0,0,0,2.173725,0,0,0,0,0,0,0,0,0,0,0,0,0,0,0,0,0,0,0,0,0,0
"E503-S4",861,0,0,0,0,2.4516,2.726475,0,0,0,0,1.1279,0,0,0,0,0.1462,0,0,0,0,0,0,0,0,0,0,0.1649,0,0,0,0,0,0,0,0,0,0,0,0,0,0,0,0,0,0,0,0,0,0,0,0,0,0,0,0,0
"E503-S4",862,0.1793,0,0,0,0,0,0,0.024175,0,0,2.8273,0,0,0,0,0,0,0,0,0,0,0,0,0,1.1159,0,0,0,0,0,0,0,0,0,0,0,0,0,0,0,0,0,0,0,0,0,0,0,0,0,0,0,0,0,0,0
"E503-S4",863,0,0,0,0,0.533425,0.2976,0,0.15815,0,0,0,0,0,0,0,0,0,0,0,0,0,0,0,0,0.1761,0,1.347,0,0,0,0,0,0,0,0,0,0,0,0,0,0,0,0,0,0,0,0,0,0,0,0,0,0,0,0,0
"E503-S4",864,0,0,0,0,1.388825,0.58785,0,0,0,0,0.1337,0,0,0,0,0.255,0,0,0,0,0,0,0,0,0,0,0.9115,0,0,0,0,0,0,0,0,0,0,0,0,0,0,0,0,0,0,0,0,0,0,0,0,0,0,0,0,0
"E503-S4",865,0,0,0.00670000000000001,0,0.9337,0.2259,0,0,0,0,0,0.0126,0,0,0,0.0531,0,0,0,0,0,0,0,0,0.0638,0,0,0,0,0,0,0,0,0,0,0,0,0,0,0,0,0,0,0,0,0,0,0,0,0,0,0,0,0,0,0
"E503-S4",866,0,0,0,0,0.51445,0.862625,0,0,0,0,0.5086,0,0,0,0,0.7103,0,0,0,0,0,0,0,0,0.6433,0,0,0,0,0,0,0,0,0,0,0,0,0,0,0,0,0,0,0,0,0,0,0,0,0,0,0,0,0,0,0
"E503-S4",867,0.0863,0,0,0,0,0,0,0,0,0,0,0,0,0,0,0,0,0,0,0,0,0,0,0,1.679,0,2.631,0,0,0,0,0,0,0,0,0,0,0,0,0,0,0,0,0,0,0,0,0,0,0,0,0,0,0,0,0
"E503-S4",868,0,0,0,0,2.731275,2.772125,0,0,0,0,1.5731,0,0,0,0,0,0,0,0,0,0,0,0,0,0.261,0,0,0,0,0,0.0083,0,0,0,0,0,0,0,0,0.041025,0,0,0,0,0,0,0,0,0,0,0,0,0,0,0,0
"E503-S4",869,0,0,0.0429,0,0,0,0,0.1178,0,0,0.6036,0.0102,0,0,0,0.0838,0,0,0,0,0,0,0,0,0,0,0,0,0,0,0,0,0,3.33255,0,0,0,0,0,0,0,0,0,0,0,0,0,0,0,0,0,0,0,0,0,0
"E503-S4",870,0.1291,0,0.1005,0,0.442525,0.3068,0,0.066425,0,0,5.0947,0,0,0,0,0,0,0,0,0,0,0,0,0,0,0,1.3622,0,0,0,0,0,0,0,0,0,0,0,0,0,0,0,0,0,0,0,0,0,0,0,0,0,0,0,0,0
"E503-S4",871,0,0,0.0871,0,0,0,0,0.15135,0,0,1.2079,0,0,0,0,0,0,0,0,0,0,0,0,0,0,0,1.795,0,0,0,0,0,0,0,0,0,0,0,0,0,0,0,0,0,0,0,0,0,0,0,0,0,0,0,0,0
"E503-S4",872,0,0,0.1509,0,0,0,0,0.522275,0,0,1.3339,0.0034,0,0,0,0,0,0,0,0,0,0,0,0,0,0,1.8096,0,0,0,0,0,0,0,0,0,0,0,0,0,0,0,0,0,0.07045,0,0,0,0,0,0,0,0,0,0,0
"E503-S4",873,0,0,0,0,0,0,0,0.43665,0,0,1.1454,0,0,0,0,0.1771,0,0,0,0,0,0,0,0,0,0,1.4025,0,0,0,0,0,0,0,0,0,0,0,0,0,0,0,0,0,0,0,0,0,0,0,0,0,0,0,0,0
"E503-S4",874,0,0,0,0,0.08275,0.039375,0,0.0801,0,0,4.3916,0,0,0,0,0,0,0.0226,0,0,0,0,0,0,0,0,1.387,0,0,0,0,0,0,0,0,0,0,0,0,0,0,0,0,0,0,0,0,0,0,0,0,0,0,0,0,0
"E503-S4",875,0,0,0,0,0,0,0,0.2152,0,0,2.8621,0,0,0,0,0,0,0,0.0352,0,0,0,0,0,0,0,1.5627,0,0,0,0,0,0,0,0,0,0,0,0,0,0,0,0,0,0,0,0,0,0,0,0,0,0,0,0,0
"E503-S4",876,0,0,0,0,0,0,0,0.11455,0,0,0.9447,0.0709,0,0,0,0,0,0,0,0,0,0,0,0,0,0,1.105,0,0,0,0,0,0,0,0,0,0,0,0,0,0,0,0,0,0,0,0,0,0,0,0,0,0,0,0,0
"E503-S4",877,0,0,0,0,0,0,0,0.166025,0,0,0.2409,0,0,0,0,0,0,0,0,0,0,0,0,0,0,0,3.2994,0,0,0,0,0,0,0,0,0,0,0,0,0,0,0,0,0,0,0,0,0,0,0,0,0,0,0,0,0
"E503-S4",878,0,0,0,0,0,0,0,0.162675,0,0,0.1337,0,0,0,0,0,0.0194,0,0,0.9388,0,0,0,0,0,0,2.1297,0,0,0,0,0,0,0,0,0,0,0,0,0.1572,0,0,0,0,0,0,0,0,0,0,0,0,0,0,0,0
"E503-S4",879,0,0,0.2017,0,0,0,0,0.09145,0,0,0.7627,0,0,0,0,0,0,0,0,0.2389,0,0,0,0,0,0,1.4866,0,0,0,0,0,0,0,0,0,0,0,0,0,0,0,0,0,0,0,0,0,0,0,0,0,0,0,0,0
"E503-S4",880,0,0,0,0,0,0,0,0.21465,0,0,3.2896,0,0,0,0,0,0,0,0,0,0,0,0,0,0,0,1.552,0,0,0,0,0,0,0,0,0,0,0,0,0,0,0,0,0,0,0,0,0,0,0,0,0,0,0,0,0
"E507B-S4",21,0,0,0.0317,0,0,0,0,0.118875,0,0,0.0153,0,0.028975,0,0,0,0,0,0.00550000000000001,0,0,0,0,0,2.1892,0,0,0,0,0,0,0,0,0,0,0,0,0,0,0,0,0,0,0,0,0,0,0,0,0,0,0,0,0,0,0
"E507B-S4",22,0,0,0.5079,0,0,0,0,0,0,0,0.0611,0,0,0,0,0.1118,0,0,0,0,0,0,0,0,1.2116,0,0.2734,0,0,0,0,0,0,0,0,0,0,0,0,0,0,0,0,0,0,0,0,0,0,0,0,0,0,0,0,0
"E507B-S4",23,0.0062,0,0.0118,0,0.265,0.040525,0,0,0,0,0.4032,0,0,0,0,0,0,0,0,0,0,0,0,0,1.5593,0,0,0,0,0,0,0,0,0,0,0,0,0,0,0,0,0,0,0,0,0,0,0,0,0,0,0,0,0,0,0
"E507B-S4",24,0,0,0,0,2.190725,0.406125,0,0.0574,0,0,0,0,0,0,0,0.0689,0,0,0,0,0,0,0,0,1.9232,0,0,0,0,0,0,0,0,0.5127,0,0,0,0,0,0,0,0,0,0,0,0,0,0,0,0,0,0,0,0,0,0
"E507B-S4",25,0,0,0.0716,0,0,0,0,0.050625,0,0,0.0718,0,0,0,0,0,0,0,0,0,0,0,0,0,4.2339,0,0,0,0,0,0,0,0,0,0,0,0,0,0,0,0,0,0,0,0,0,0,0,0,0,0,0,0,0,0,0
"E507B-S4",26,0.143,0.0599,0,0,1.421525,0.501075,0,0.019,0,0,0,0,0,0,0,0,0,0,0,0,0,0,0,0,2.2336,0,0,0,0,0,0,0,0,0,0,0,0,0,0,0,0,0,0,0,0,0,0,0,0,0,0,0,0,0,0,0
"E507B-S4",27,0.1151,0,0.088,0,1.578325,0.813075,0,0.041475,0,0,1.0349,0,0,0,0,0,0,0,0,0,0,0,0,0,1.9653,0,1.1223,0,0,0,0,0,0,0,0,0,0,0,0,0,0,0.023525,0,0,0,0,0,0,0,0,0,0,0,0,0,0
"E507B-S4",28,0.5016,0,0,0,0.274825,0.12085,0,0,0,0,0.1807,0,0,0,0,0.0405,0,0,0,0,0,0,0,0,1.2864,0,0.4732,0,0,0,0,0,0,0,0,0,0,0,0,0,0,0,0,0,0,0,0,0,0,0,0,0,0,0,0,0
"E507B-S4",29,0.0562,0,0,0,0,0,0,0.526125,0,0,0.3792,0,0,0,0,0,0,0,0,0,0,0,0,0,4.547,0,0,0,0,0,0,0,0,0,0,0,0,0,0,0,0,0,0,0,0,0,0,0,0,0,0,0,0,0,0,0
"E507B-S4",30,0,0,0,0,0,0,0,0.5284,0,0,1.9659,0.5307,0,0,0,0,0,0,0.4383,0,0.0596,0,0,0,0,0,2.846,0,0,0,0,0,0,0,0,0,0,0,0,0.13935,0,0,0,0,0,0,0,0,0,0,0,0,0,0,0,0
"E507B-S4",31,0,0,0,0,0.4519,0.044275,0,0.14025,0,0,0.1108,0,0,0,0,0.0243,0,0,0,0,0,0,0,0,2.2745,0,0.0291,0,0,0,0,0,0,0,0,0,0,0,0,0,0,0,0,0,0,0,0,0,0,0,0,0,0,0,0,0
"E507B-S4",32,0,0,0.8317,0,0.4501,0.0873,0,0.301875,0,0,0,0.0664,0,0,0,0,0,0,0,0,0,0,0,0,0.3757,0,0.2516,0,0,0,0,0,0,0,0,0,0,0,0,0,0,0,0,0,0,0,0,0,0,0,0,0,0,0,0,0
"E507B-S4",33,0,0,0,0,3.5761,0.9284,0,0.03945,0,0,0,0,0,0,0,0.2064,0,0,0,0,0,0,0,0,0.3931,0,0.4562,0,0,0,0,0,0,0,0,0,0,0,0,0,0,0,0,0,0,0,0,0,0,0,0,0,0,0,0,0
"E507B-S4",34,0,0,0.2775,0,0.70395,0.303375,0,0,0,0,0,0.0254,0,0,0,0,0,0,0,0,0.0135,0,0,0,0.1254,0,0,0,0,0,0,0,0,0,0,0,0,0,0,0,0,0,0,0,0,0,0,0,0,0,0,0,0,0,0,0
"E507B-S4",35,0.1604,0.0468,0.0392,0,0,0,0,0.548825,0,0,0.0188,0,0,0,0,0,0,0,0,0,0,0,0,0,1.3984,0,0,0,0,0,0,0,0,0,0,0,0,1.03035,0,0,0,0,0,0,0,0,0,0,0,0,0,0,0,0,0,0
"E507B-S4",36,0,0,0,0,0,0,0,0.09315,0,0,0.7043,0,0,0,0,0,0,0,0,0,0,0,0,0,3.4722,0,0.0128,0,0,0,0,0,0,0,0,0,0,0,0,0,0,0,0,0,0,0,0,0,0,0,0,0,0,0,0,0
"E507B-S4",37,0,0,0,0,0,0,0,0.046425,0,0,0.0945,0,0,0,0,0,0,0,0,0,0,0,0,0,1.6732,0,0.261,0,0,0,0,0,0,0,0,0,0,0,0,0,0,0,0,0,0,0,0,0,0,0,0,0,0,0,0,0
"E507B-S4",38,0,0,0,0,0.00605,0.001125,0,0.321625,0,0,0,0,0,0,0,0.099,0,0,0,0,0,0,0,0,5.7336,0,0.0423,0,0,0,0,0,0,0,0,0,0,0,0,0,0,0,0,0,0,0,0,0,0,0,0,0,0,0,0,0
"E507B-S4",39,0.0438,0,0,0,0.002375,0,0,0.482,0,0,0.2618,0,0,0,0,0.0052,0,0,0,0,0,0,0,0,4.6135,0,0.0601,0,0,0,0,0,0,0,0,0,0,0,0,0,0,0,0,0,0,0,0,0,0,0,0,0,0,0,0,0
"E507B-S4",40,0,0.0192,0,0,0,0,0,0.460675,0,0,0.1444,0.0504,0.018575,0,0,0.0843,0,0,0,0,0,0,0,0,1.8873,0,0,0,0,0,0,0,0,0,0,0,0,0,0,0,0,0,0,0,0,0,0,0,0,0,0,0,0,0,0,0
"A314",961,0.0337,0,0,0,0.1239,0.047,0,0,0,0,0.1618,0,0,0,0,0,0,0,0,0.0407,0,0,0,0,2.0452,0,0,0,0,0,0,0,0,0,0.02035,0,0,0,0,0,0,0,0,0,0,0,0,0,0,0,0,0,0,0,0,0
"A314",962,0,0,0,0,0,0,0,0,0,0,0,0,0,0,0,0,0,0.0338,0,0.4069,0.015,0,0,0,0.3666,0,0.6064,0,0,0,0,0,0,0,0,0,0,0,0,0,0,0,0,0,0,0,0,0,0,0,0,0,0,0,0,0
"A314",963,0,0,0.0311,0,0.87405,0.292825,0,0,0,0,0,0,0,0,0,0,0,0,0,0.136,0.0463,0,0,0,2.033,0,0,0,0,0,0,0,0,0,0,0,0.043375,0,0,0,0,0,0,0,0,0,0,0,0,0,0,0,0,0,0,0
"A314",964,0.0852,0,0,0,1.586375,0.611025,0,0,0,0,0.0344,0,0,0,0,0,0,0,0,0.1685,0,0,0,0,2.2512,0,0.1547,0,0,0,0,0,0,0,0,0,0,0,0,0,0,0,0,0,0,0,0,0,0,0,0,0,0,0,0,0
"A314",965,0,0,0,0,0.086625,0.005475,0,0,0,0,0,0,0,0,0,0,0,0,0.0328,0.0282,0,0.0375,0,0,0.661,0,0.3045,0,0,0,0,0,0,0,0,0,0,0,0,0,0,0,0,0,0,0,0,0,0,0,0,0,0,0,0,0
"A314",966,0,0,0,0,0,0,0,0,0,0,0,0,0,0,0,0,0,0,0,0.2678,0,0.6753,0,0,0.9388,0,0.2129,0,0,0,0,0,0,0,0.601325,0,0.034775,0,0,0,0,0,0,0,0,0,0,0,0,0,0,0,0,0,0,0
"A314",967,0.0315,0,0,0,0.026275,0,0,0,0,0,0.0349,0,0,0,0,0,0,0,0,0.1209,0.111,0,0,0,2.1624,0,0.0851,0,0,0,0,0,0,0,0,0,0,0,0,0,0,0,0,0,0,0,0,0,0,0,0,0,0,0,0,0
"A314",968,0,0,0.0511,0,0.36455,0.0425,0,0,0,0,0,0,0,0,0,0,0,0,0,0.0404,0,0,0,0,1.1714,0,0.6991,0,0,0,0,0,0,0,0.402525,0,0.354175,0,0,0,0,0,0,0,0,0,0,0,0,0,0,0,0,0,0,0
"A314",969,0,0,0,0,1.1141,0.394325,0,0,0,0,0.0315,0,0,0,0,0,0,0,0,0.1381,0.0333,0.1296,0,0,0.6913,0,0.1987,0,0,0,0,0,0,0,0,0,0,0,0,0,0,0,0,0,0,0,0,0,0,0,0,0,0,0,0,0
"A314",970,0.0466,0,0,0,0,0,0,0,0,0,0.2146,0,0,0,0,0,0,0,0,0,0,0,0,0,1.3906,0,0,0,0,0,0,0,0,0,0,0,0,0,0,0,0,0,0,0,0,0,0,0,0.2593,0,0,0,0,0,0,0
"A314",971,0,0,0,0,0.30785,0,0,0,0,0,0.2126,0,0,0,0,0,0,0,0,0.1609,0,0,0,0,2.1,0,0,0,0,0,0,0,0,0,0,0,0,0,0,0,0,0,0,0.007775,0,0,0,0,0,0,0,0,0,0,0,0
"A314",972,0.0019,0,0,0,0.51485,0.22985,0,0,0,0,0,0,0,0,0,0,0,0,0,0.0487,0,0,0,0,0.5593,0,0,0,0,0,0,0,0,0,0.02065,0,0.06605,0,0,0,0,0,0,0,0,0,0,0,0,0,0,0,0,0,0,0
"A314",973,0,0,0,0,0.671,0.07675,0,0,0,0,0.0622,0,0,0,0,0,0,0,0,0.0219,0,0,0,0,0.0913,0,0.1433,0,0,0,0,0,0,0,0.289375,0,0.67115,0,0,0,0,0,0,0.0666,0,0,0,0,0,0,0,0,0,0,0,0
"A314",974,0,0,0,0,0,0,0,0,0,0,0.1563,0,0,0,0,0,0,0,0,0.1825,0,0.1315,0,0,0.7294,0,0.1393,0,0,0,0,0,0,0,0.702775,0,0,0,0,0,0,0,0,0,0,0,0,0,0,0,0,0,0,0,0,0
"A314",975,0.0179,0.0561,0,0,0,0,0,0,0,0,0.0928,0,0,0,0,0,0,0,0,0.407,0.0104,0,0,0,1.248,0,0.0345,0,0,0,0,0,0,0,0.534475,0,0,0,0,0,0,0,0,0,0,0,0,0,0,0,0,0,0,0,0,0
"A314",976,0,0.0993,0,0,0,0,0,0,0,0,0.1828,0,0,0,0,0,0,0,0.0953,0.0862,0,0,0,0,1.3662,0,0.1851,0,0,0,0,0,0,0,0.01165,0,0,0,0,0,0,0,0,0,0,0,0,0,0,0,0,0,0,0,0,0
"A314",977,0,0.0577,0,0,0.38445,0.137775,0,0,0,0,0,0,0,0,0,0,0,0,0,0.1369,0,0,0,0,0.7537,0,0.0984,0,0,0,0,0,0,0,0.308125,0,0.05855,0,0,0,0,0,0,0,0,0,0,0,0,0,0,0,0,0,0,0
"A314",978,0,0,0,0,0.753875,0.374875,0,0,0,0,0.0643,0.078,0,0,0,0,0,0,0,0,0,0,0,0,1.0918,0,0.2369,0,0,0,0,0,0,0,0.336475,0,0.017275,0,0,0,0,0,0,0.28205,0,0,0,0,0,0,0,0,0,0,0,0
"A314",979,0,0,0,0,0,0,0,0,0,0,0.0794,0,0,0,0,0,0,0,0,0.1466,0,0,0,0,2.7746,0,0.0874,0,0,0,0,0,0,0,0.191,0,0.068175,0,0,0,0,0,0,0,0,0,0,0,0,0,0,0,0,0,0,0
"A314",980,0.0131,0,0,0,0.812225,0.3841,0,0,0,0,0.037,0,0,0,0,0,0,0,0,0.0474,0.0243,0,0,0,2.1565,0,0.00699999999999999,0,0,0,0,0,0,0,0.338375,0,0.011825,0,0,0,0,0,0,0,0,0,0,0,0,0,0,0,0,0,0,0
